"DEPARTMENT","CATEGORY","SUBCATEGORY","BREADCRUMB","URL","PRODUCT_COUNT","processed","RunDate"
"Sale","Women","New Markdowns","Home/Sale/Women/New Markdowns","/browse/sale/new-markdowns/women",4834,1,"2022-04-03 08:06:25"
"Sale","Women","Clothing","Home/Sale/Women/Clothing","/browse/sale/women/clothing",14965,1,"2022-04-03 08:06:25"
"Sale","Women","Shoes","Home/Sale/Women/Shoes","/browse/sale/women/shoes",4626,1,"2022-04-03 08:06:25"
"Sale","Women","Handbags & Wallets","Home/Sale/Women/Handbags & Wallets","/browse/sale/women/handbags",247,1,"2022-04-03 08:06:25"
"Sale","Women","Jewelry","Home/Sale/Women/Jewelry","/browse/sale/women/jewelry",995,1,"2022-04-03 08:06:25"
"Sale","Women","Accessories","Home/Sale/Women/Accessories","/browse/sale/women/accessories",1778,1,"2022-04-03 08:06:25"
"Sale","Women","Beauty","Home/Sale/Women/Beauty","/browse/sale/beauty",3175,1,"2022-04-03 08:06:25"
"Sale","Women","Contemporary","Home/Sale/Women/Contemporary","/browse/sale/women/contemporary",2751,1,"2022-04-03 08:06:25"
"Sale","Women","Designer","Home/Sale/Women/Designer","/browse/sale/designer/women",593,1,"2022-04-03 08:06:25"
"Sale","Men","New Markdowns","Home/Sale/Men/New Markdowns","/browse/sale/new-markdowns/men",1758,1,"2022-04-03 08:06:25"
"Sale","Men","Clothing","Home/Sale/Men/Clothing","/browse/sale/men/clothing",5329,1,"2022-04-03 08:06:25"
"Sale","Men","Shoes","Home/Sale/Men/Shoes","/browse/sale/men/shoes",788,1,"2022-04-03 08:06:25"
"Sale","Men","Accessories","Home/Sale/Men/Accessories","/browse/sale/men/accessories",546,1,"2022-04-03 08:06:25"
"Sale","Men","Grooming & Cologne","Home/Sale/Men/Grooming & Cologne","/browse/sale/men/grooming",388,1,"2022-04-03 08:06:25"
"Sale","Men","Contemporary","Home/Sale/Men/Contemporary","/browse/sale/men/contemporary",576,1,"2022-04-03 08:06:25"
"Sale","Men","Designer","Home/Sale/Men/Designer","/browse/sale/designer/men",203,1,"2022-04-03 08:06:25"
"Sale","Kids","New Markdowns","Home/Sale/Kids/New Markdowns","/browse/sale/new-markdowns/kids",507,1,"2022-04-03 08:06:25"
"Sale","Kids","Girls","Home/Sale/Kids/Girls","/browse/sale/kids/girls",1362,1,"2022-04-03 08:06:25"
"Sale","Kids","Boys","Home/Sale/Kids/Boys","/browse/sale/kids/boys",1076,1,"2022-04-03 08:06:25"
"Sale","Kids","Baby","Home/Sale/Kids/Baby","/browse/sale/kids/baby",598,1,"2022-04-03 08:06:25"
"Sale","Kids","Baby Gear & Essentials","Home/Sale/Kids/Baby Gear & Essentials","/browse/sale/kids/baby-gear",58,1,"2022-04-03 08:06:25"
"Sale","Kids","Shoes","Home/Sale/Kids/Shoes","/browse/sale/kids/shoes",384,1,"2022-04-03 08:06:25"
"Sale","Kids","Toys","Home/Sale/Kids/Toys","/browse/sale/kids/toys",27,1,"2022-04-03 08:06:25"
"Sale","Home","Bedding & Bath","Home/Sale/Home/Bedding & Bath","/browse/sale/home/bedding",120,1,"2022-04-03 08:06:25"
"Sale","Home","Home Decor","Home/Sale/Home/Home Decor","/browse/sale/home/decor",262,1,"2022-04-03 08:06:25"
"Sale","Home","Home Electronics & Tech Accessories","Home/Sale/Home/Home Electronics & Tech Accessories","/browse/sale/home/tech",7,1,"2022-04-03 08:06:25"
"Sale","Home","Luggage & Travel","Home/Sale/Home/Luggage & Travel","/browse/sale/home/luggage",17,1,"2022-04-03 08:06:25"
"Sale","Home","Tabletop & Kitchen","Home/Sale/Home/Tabletop & Kitchen","/browse/sale/home/tabletop-kitchen",228,1,"2022-04-03 08:06:25"
"Sale","Beauty","Bath & Body","Home/Sale/Beauty/Bath & Body","/browse/sale/beauty/bath-body",248,1,"2022-04-03 08:06:25"
"Sale","Beauty","Fragrance","Home/Sale/Beauty/Fragrance","/browse/sale/beauty/fragrance",597,1,"2022-04-03 08:06:25"
"Sale","Beauty","Hair Care","Home/Sale/Beauty/Hair Care","/browse/sale/beauty/hair",139,1,"2022-04-03 08:06:25"
"Sale","Beauty","Makeup","Home/Sale/Beauty/Makeup","/browse/sale/beauty/makeup",1115,1,"2022-04-03 08:06:25"
"Sale","Beauty","Skin Care","Home/Sale/Beauty/Skin Care","/browse/sale/beauty/skincare",1330,1,"2022-04-03 08:06:25"
"Sale","Beauty","Tools & Brushes","Home/Sale/Beauty/Tools & Brushes","/browse/sale/beauty/tools-brushes",293,1,"2022-04-03 08:06:25"
"Sale","Designer","Women","Home/Sale/Designer/Women","/browse/sale/designer/women",643,1,"2022-04-03 08:06:25"
"Sale","Designer","Men","Home/Sale/Designer/Men","/browse/sale/designer/men",203,1,"2022-04-03 08:06:25"
"Sale","Designer","Kids","Home/Sale/Designer/Kids","/browse/sale/designer/kids",76,1,"2022-04-03 08:06:25"
"Sale","Young Adult","Women","Home/Sale/Young Adult/Women","/browse/sale/young-adult/women",2625,1,"2022-04-03 08:06:25"
"Sale","Young Adult","Men","Home/Sale/Young Adult/Men","/browse/sale/young-adult/men",785,1,"2022-04-03 08:06:25"
"Sale","Young Adult","Gender Inclusive","Home/Sale/Young Adult/Gender Inclusive","/browse/sale/young-adult/unisex",143,1,"2022-04-03 08:06:25"
"Women","Clothing","Activewear","Home/Women/Clothing/Activewear","/browse/activewear/women-clothing",7423,1,"2022-04-03 08:06:25"
"Women","Clothing","Blazers","Home/Women/Clothing/Blazers","/browse/women/clothing/blazers",476,1,"2022-04-03 08:06:25"
"Women","Clothing","Bodysuits","Home/Women/Clothing/Bodysuits","/browse/women/clothing/bodysuits",498,1,"2022-04-03 08:06:25"
"Women","Clothing","Coats & Jackets","Home/Women/Clothing/Coats & Jackets","/browse/women/clothing/coats-jackets",5651,1,"2022-04-03 08:06:25"
"Women","Clothing","Dresses","Home/Women/Clothing/Dresses","/browse/women/clothing/dresses",13791,1,"2022-04-03 08:06:25"
"Women","Clothing","Jeans & Denim","Home/Women/Clothing/Jeans & Denim","/browse/women/clothing/jeans",5223,1,"2022-04-03 08:06:25"
"Women","Clothing","Jumpsuits & Rompers","Home/Women/Clothing/Jumpsuits & Rompers","/browse/women/clothing/jumpsuits-rompers",1049,1,"2022-04-03 08:06:25"
"Women","Clothing","Lingerie, Hosiery & Shapewear","Home/Women/Clothing/Lingerie, Hosiery & Shapewear","/browse/women/clothing/underwear-lingerie",4566,1,"2022-04-03 08:06:25"
"Women","Clothing","Loungewear","Home/Women/Clothing/Loungewear","/browse/women/clothing/loungewear",881,1,"2022-04-03 08:06:25"
"Women","Clothing","Pants & Leggings","Home/Women/Clothing/Pants & Leggings","/browse/women/clothing/pants",10220,1,"2022-04-03 08:06:25"
"Women","Clothing","Shorts","Home/Women/Clothing/Shorts","/browse/women/clothing/shorts",2208,1,"2022-04-03 08:06:25"
"Women","Clothing","Skirts","Home/Women/Clothing/Skirts","/browse/women/clothing/skirts",1770,1,"2022-04-03 08:06:25"
"Women","Clothing","Sleepwear & Robes","Home/Women/Clothing/Sleepwear & Robes","/browse/women/clothing/sleepwear-robes",3169,1,"2022-04-03 08:06:25"
"Women","Clothing","Suits","Home/Women/Clothing/Suits","/browse/women/clothing/work-suits",45,1,"2022-04-03 08:06:25"
"Women","Clothing","Sweaters","Home/Women/Clothing/Sweaters","/browse/women/clothing/sweaters",5045,1,"2022-04-03 08:06:25"
"Women","Clothing","Sweatshirts & Hoodies","Home/Women/Clothing/Sweatshirts & Hoodies","/browse/women/clothing/sweatshirts-hoodies",4949,1,"2022-04-03 08:06:25"
"Women","Clothing","Swimsuits & Cover-Ups","Home/Women/Clothing/Swimsuits & Cover-Ups","/browse/women/clothing/swimsuits",3488,1,"2022-04-03 08:06:25"
"Women","Clothing","Tops","Home/Women/Clothing/Tops","/browse/women/clothing/tops-tees",19413,1,"2022-04-03 08:06:25"
"Women","Shoes","Booties","Home/Women/Shoes/Booties","/browse/women/shoes/booties",2084,1,"2022-04-03 08:06:25"
"Women","Shoes","Boots","Home/Women/Shoes/Boots","/browse/women/shoes/boots",4983,1,"2022-04-03 08:06:25"
"Women","Shoes","Clogs","Home/Women/Shoes/Clogs","/browse/women/shoes/clogs",375,1,"2022-04-03 08:06:25"
"Women","Shoes","Comfort","Home/Women/Shoes/Comfort","/browse/women/shoes/comfort",6943,1,"2022-04-03 08:06:25"
"Women","Shoes","Dress Shoes","Home/Women/Shoes/Dress Shoes","/browse/women/shoes/dress-shoes",459,1,"2022-04-03 08:06:25"
"Women","Shoes","Espadrilles","Home/Women/Shoes/Espadrilles","/browse/women/shoes/espadrilles",551,1,"2022-04-03 08:06:25"
"Women","Shoes","Flats","Home/Women/Shoes/Flats","/browse/women/shoes/flats",1467,1,"2022-04-03 08:06:25"
"Women","Shoes","Heels","Home/Women/Shoes/Heels","/browse/women/shoes/heels",5404,1,"2022-04-03 08:06:25"
"Women","Shoes","Mules & Slides","Home/Women/Shoes/Mules & Slides","/browse/women/shoes/mules-slides",2621,1,"2022-04-03 08:06:25"
"Women","Shoes","Oxfords & Loafers","Home/Women/Shoes/Oxfords & Loafers","/browse/women/shoes/oxfords-loafers",919,1,"2022-04-03 08:06:25"
"Women","Shoes","Running Shoes","Home/Women/Shoes/Running Shoes","/browse/women/shoes/running-shoes",175,1,"2022-04-03 08:06:25"
"Women","Shoes","Sandals","Home/Women/Shoes/Sandals","/browse/women/shoes/sandals",7296,1,"2022-04-03 08:06:25"
"Women","Shoes","Shoe Care & Accessories","Home/Women/Shoes/Shoe Care & Accessories","/browse/women/shoes/care",36,1,"2022-04-03 08:06:25"
"Women","Shoes","Slippers","Home/Women/Shoes/Slippers","/browse/women/shoes/slippers",511,1,"2022-04-03 08:06:25"
"Women","Shoes","Sneakers & Athletic","Home/Women/Shoes/Sneakers & Athletic","/browse/women/shoes/sneakers-athletic",4478,1,"2022-04-03 08:06:25"
"Women","Shoes","Snow & Winter","Home/Women/Shoes/Snow & Winter","/browse/women/shoes/boots/winter-snow-boots",551,1,"2022-04-03 08:06:25"
"Women","Handbags","Backpacks","Home/Women/Handbags/Backpacks","/browse/women/handbags/backpacks",280,1,"2022-04-03 08:06:25"
"Women","Handbags","Belt Bags","Home/Women/Handbags/Belt Bags","/browse/women/handbags/belt-bags",110,1,"2022-04-03 08:06:25"
"Women","Handbags","Bucket Bags","Home/Women/Handbags/Bucket Bags","/browse/women/handbags/bucket",140,1,"2022-04-03 08:06:25"
"Women","Handbags","Camera Bags","Home/Women/Handbags/Camera Bags","/browse/women/handbags/camera",79,1,"2022-04-03 08:06:25"
"Women","Handbags","Clutches & Pouches","Home/Women/Handbags/Clutches & Pouches","/browse/women/handbags/clutches",377,1,"2022-04-03 08:06:25"
"Women","Handbags","Crossbody Bags","Home/Women/Handbags/Crossbody Bags","/browse/women/handbags/crossbody",1041,1,"2022-04-03 08:06:25"
"Women","Handbags","Designer Bags","Home/Women/Handbags/Designer Bags","/browse/designer/women/handbags",2718,1,"2022-04-03 08:06:25"
"Women","Handbags","Hobo Bags","Home/Women/Handbags/Hobo Bags","/browse/women/handbags/hobo",149,1,"2022-04-03 08:06:25"
"Women","Handbags","Satchels","Home/Women/Handbags/Satchels","/browse/women/handbags/satchels",176,1,"2022-04-03 08:06:25"
"Women","Handbags","Shoulder Bags","Home/Women/Handbags/Shoulder Bags","/browse/women/handbags/shoulder-bags",980,1,"2022-04-03 08:06:25"
"Women","Handbags","Straw Bags","Home/Women/Handbags/Straw Bags","/browse/women/handbags/straw",111,1,"2022-04-03 08:06:25"
"Women","Handbags","Tote Bags","Home/Women/Handbags/Tote Bags","/browse/women/handbags/totes",755,1,"2022-04-03 08:06:25"
"Women","Handbags","Wallets & Card Cases","Home/Women/Handbags/Wallets & Card Cases","/browse/women/handbags/wallets",502,1,"2022-04-03 08:06:25"
"Women","Handbags","Luggage & Travel","Home/Women/Handbags/Luggage & Travel","/browse/home/luggage-travel",434,1,"2022-04-03 08:06:25"
"Women","Jewelry","Anklets","Home/Women/Jewelry/Anklets","/browse/women/jewelry/anklets",136,1,"2022-04-03 08:06:25"
"Women","Jewelry","Bracelets","Home/Women/Jewelry/Bracelets","/browse/women/jewelry/bracelets",2833,1,"2022-04-03 08:06:25"
"Women","Jewelry","Charms","Home/Women/Jewelry/Charms","/browse/women/jewelry/charms",320,1,"2022-04-03 08:06:25"
"Women","Jewelry","Earrings","Home/Women/Jewelry/Earrings","/browse/women/jewelry/earrings",5865,1,"2022-04-03 08:06:25"
"Women","Jewelry","Necklaces","Home/Women/Jewelry/Necklaces","/browse/women/jewelry/necklaces",4818,1,"2022-04-03 08:06:25"
"Women","Jewelry","Rings","Home/Women/Jewelry/Rings","/browse/women/jewelry/rings",2544,1,"2022-04-03 08:06:25"
"Women","Jewelry","Watches","Home/Women/Jewelry/Watches","/browse/women/jewelry/watches",1431,1,"2022-04-03 08:06:25"
"Women","Jewelry","Fine Jewelry","Home/Women/Jewelry/Fine Jewelry","/browse/women/jewelry/fine",7253,1,"2022-04-03 08:06:25"
"Women","Jewelry","Customizable","Home/Women/Jewelry/Customizable","/browse/women/jewelry/customized",76,1,"2022-04-03 08:06:25"
"Women","Jewelry","Jewelry Accessories","Home/Women/Jewelry/Jewelry Accessories","/browse/women/jewelry/jewelry-accessories",17,1,"2022-04-03 08:06:25"
"Women","Jewelry","Jewelry Boxes & Holders","Home/Women/Jewelry/Jewelry Boxes & Holders","/browse/home/decor/jewelry-boxes-holders",147,1,"2022-04-03 08:06:25"
"Women","Jewelry","Jewelry Under $50","Home/Women/Jewelry/Jewelry Under $50","/browse/women/jewelry/jewelry-under-50",3512,1,"2022-04-03 08:06:25"
"Women","Accessories","Belts","Home/Women/Accessories/Belts","/browse/women/accessories/belts",512,1,"2022-04-03 08:06:25"
"Women","Accessories","Face Masks","Home/Women/Accessories/Face Masks","/browse/women/accessories/protective-face-masks",108,1,"2022-04-03 08:06:25"
"Women","Accessories","Gloves & Mittens","Home/Women/Accessories/Gloves & Mittens","/browse/women/accessories/gloves-mittens",175,1,"2022-04-03 08:06:25"
"Women","Accessories","Hair Accessories","Home/Women/Accessories/Hair Accessories","/browse/women/accessories/hair-accessories",716,1,"2022-04-03 08:06:25"
"Women","Accessories","Handbags & Wallets","Home/Women/Accessories/Handbags & Wallets","/browse/women/handbags",5027,1,"2022-04-03 08:06:25"
"Women","Accessories","Hats","Home/Women/Accessories/Hats","/browse/women/accessories/hats",3072,1,"2022-04-03 08:06:25"
"Women","Accessories","Headphones","Home/Women/Accessories/Headphones","/browse/home/electronics/headphones",25,1,"2022-04-03 08:06:25"
"Women","Accessories","Hijabs and Headscarves","Home/Women/Accessories/Hijabs and Headscarves","/browse/women/accessories/hijabs-headscarves",3,1,"2022-04-03 08:06:25"
"Women","Accessories","Jewelry","Home/Women/Accessories/Jewelry","/browse/women/jewelry",18194,1,"2022-04-03 08:06:25"
"Women","Accessories","Phone Cases","Home/Women/Accessories/Phone Cases","/browse/women/accessories/phone-cases",149,1,"2022-04-03 08:06:25"
"Women","Accessories","Scarves & Wraps","Home/Women/Accessories/Scarves & Wraps","/browse/women/accessories/scarves-wraps",1075,1,"2022-04-03 08:06:25"
"Women","Accessories","Sunglasses & Eyewear","Home/Women/Accessories/Sunglasses & Eyewear","/browse/women/accessories/sunglasses",4001,1,"2022-04-03 08:06:25"
"Women","Maternity","Maternity Clothing","Home/Women/Maternity/Maternity Clothing","/browse/women/maternity/clothing",1408,1,"2022-04-03 08:06:25"
"Women","Maternity","Activewear","Home/Women/Maternity/Activewear","/browse/women/maternity/activewear",35,1,"2022-04-03 08:06:25"
"Women","Maternity","Dresses","Home/Women/Maternity/Dresses","/browse/women/maternity/dresses",256,1,"2022-04-03 08:06:25"
"Women","Maternity","Jackets & Coats","Home/Women/Maternity/Jackets & Coats","/browse/women/maternity/coats-jackets",35,1,"2022-04-03 08:06:25"
"Women","Maternity","Jeans","Home/Women/Maternity/Jeans","/browse/women/maternity/jeans",121,1,"2022-04-03 08:06:25"
"Women","Maternity","Leggings & Pants","Home/Women/Maternity/Leggings & Pants","/browse/women/maternity/pants",245,1,"2022-04-03 08:06:25"
"Women","Maternity","Lingerie, Hosiery & Shapewear","Home/Women/Maternity/Lingerie, Hosiery & Shapewear","/browse/women/maternity/underwear-lingerie",210,1,"2022-04-03 08:06:25"
"Women","Maternity","Pregnancy Pillows & Support","Home/Women/Maternity/Pregnancy Pillows & Support","/browse/women/maternity/maternity-support",33,1,"2022-04-03 08:06:25"
"Women","Maternity","Shorts","Home/Women/Maternity/Shorts","/browse/women/maternity/shorts",38,1,"2022-04-03 08:06:25"
"Women","Maternity","Swimsuits & Cover-Ups","Home/Women/Maternity/Swimsuits & Cover-Ups","/browse/women/maternity/swimsuits",95,1,"2022-04-03 08:06:25"
"Women","Maternity","Tops","Home/Women/Maternity/Tops","/browse/women/maternity/tops",333,1,"2022-04-03 08:06:25"
"Women","Tech Accessories","Headphones","Home/Women/Tech Accessories/Headphones","/browse/home/electronics/headphones",25,1,"2022-04-03 08:06:25"
"Women","Tech Accessories","Phone Cases","Home/Women/Tech Accessories/Phone Cases","/browse/women/accessories/phone-cases",149,1,"2022-04-03 08:06:25"
"Women","New Arrivals","Clothing","Home/Women/New Arrivals/Clothing","/browse/women/new/clothing",5511,1,"2022-04-03 08:06:25"
"Women","New Arrivals","Shoes","Home/Women/New Arrivals/Shoes","/browse/women/new/shoes",948,1,"2022-04-03 08:06:25"
"Women","New Arrivals","Handbags & Wallets","Home/Women/New Arrivals/Handbags & Wallets","/browse/women/new/handbags",191,1,"2022-04-03 08:06:25"
"Women","New Arrivals","Jewelry","Home/Women/New Arrivals/Jewelry","/browse/women/new/jewelry",354,1,"2022-04-03 08:06:25"
"Women","New Arrivals","Accessories","Home/Women/New Arrivals/Accessories","/browse/women/new/accessories",802,1,"2022-04-03 08:06:25"
"Women","New Arrivals","Beauty","Home/Women/New Arrivals/Beauty","/browse/beauty/new",52,1,"2022-04-03 08:06:25"
"Men","Clothing","Activewear","Home/Men/Clothing/Activewear","/browse/activewear/men-clothing",13487,1,"2022-04-03 08:06:25"
"Men","Clothing","Blazers & Sport Coats","Home/Men/Clothing/Blazers & Sport Coats","/browse/men/clothing/blazers-sportcoats",596,1,"2022-04-03 08:06:25"
"Men","Clothing","Coats & Jackets","Home/Men/Clothing/Coats & Jackets","/browse/men/clothing/coats-jackets",6689,1,"2022-04-03 08:06:25"
"Men","Clothing","Dress Shirts","Home/Men/Clothing/Dress Shirts","/browse/men/clothing/shirts/dress-shirts",555,1,"2022-04-03 08:06:25"
"Men","Clothing","Jeans","Home/Men/Clothing/Jeans","/browse/men/clothing/jeans",2144,1,"2022-04-03 08:06:25"
"Men","Clothing","Joggers & Sweatpants","Home/Men/Clothing/Joggers & Sweatpants","/browse/men/clothing/joggers",971,1,"2022-04-03 08:06:25"
"Men","Clothing","Lounge, Pajamas & Robes","Home/Men/Clothing/Lounge, Pajamas & Robes","/browse/men/clothing/sleepwear-robes",1202,1,"2022-04-03 08:06:25"
"Men","Clothing","Pants","Home/Men/Clothing/Pants","/browse/men/clothing/pants",5172,1,"2022-04-03 08:06:25"
"Men","Clothing","Polo Shirts","Home/Men/Clothing/Polo Shirts","/browse/men/clothing/shirts/polo-shirts",3521,1,"2022-04-03 08:06:25"
"Men","Clothing","Shirts","Home/Men/Clothing/Shirts","/browse/men/clothing/shirts",24835,1,"2022-04-03 08:06:25"
"Men","Clothing","Shorts","Home/Men/Clothing/Shorts","/browse/men/clothing/shorts",2663,1,"2022-04-03 08:06:25"
"Men","Clothing","Socks","Home/Men/Clothing/Socks","/browse/men/clothing/socks",632,1,"2022-04-03 08:06:25"
"Men","Clothing","Suits & Separates","Home/Men/Clothing/Suits & Separates","/browse/men/clothing/suits",232,1,"2022-04-03 08:06:25"
"Men","Clothing","Sweaters","Home/Men/Clothing/Sweaters","/browse/men/clothing/sweaters",1350,1,"2022-04-03 08:06:25"
"Men","Clothing","Sweatshirts & Hoodies","Home/Men/Clothing/Sweatshirts & Hoodies","/browse/men/clothing/sweatshirts-hoodies",8177,1,"2022-04-03 08:06:25"
"Men","Clothing","Swimwear & Board Shorts","Home/Men/Clothing/Swimwear & Board Shorts","/browse/men/clothing/swimwear",950,1,"2022-04-03 08:06:25"
"Men","Clothing","T-Shirts","Home/Men/Clothing/T-Shirts","/browse/men/clothing/shirts/tshirts",14298,1,"2022-04-03 08:06:25"
"Men","Clothing","Underwear & Boxers","Home/Men/Clothing/Underwear & Boxers","/browse/men/clothing/underwear-socks",1156,1,"2022-04-03 08:06:25"
"Men","Shoes","Boots","Home/Men/Shoes/Boots","/browse/men/shoes/boots",1027,1,"2022-04-03 08:06:25"
"Men","Shoes","Comfort","Home/Men/Shoes/Comfort","/browse/men/shoes/comfort",1765,1,"2022-04-03 08:06:25"
"Men","Shoes","Dress Shoes","Home/Men/Shoes/Dress Shoes","/browse/men/shoes/dress",1270,1,"2022-04-03 08:06:25"
"Men","Shoes","Loafers & Slip-Ons","Home/Men/Shoes/Loafers & Slip-Ons","/browse/men/shoes/loafers-slip-ons",884,1,"2022-04-03 08:06:25"
"Men","Shoes","Oxfords & Derbys","Home/Men/Shoes/Oxfords & Derbys","/browse/men/shoes/oxfords",550,1,"2022-04-03 08:06:25"
"Men","Shoes","Running Shoes","Home/Men/Shoes/Running Shoes","/browse/men/shoes/running-shoes",219,1,"2022-04-03 08:06:25"
"Men","Shoes","Sandals & Flip-Flops","Home/Men/Shoes/Sandals & Flip-Flops","/browse/men/shoes/sandals",732,1,"2022-04-03 08:06:25"
"Men","Shoes","Shoe Care & Accessories","Home/Men/Shoes/Shoe Care & Accessories","/browse/men/shoes/care",35,1,"2022-04-03 08:06:25"
"Men","Shoes","Slippers","Home/Men/Shoes/Slippers","/browse/men/shoes/slippers",384,1,"2022-04-03 08:06:25"
"Men","Shoes","Sneakers & Athletic","Home/Men/Shoes/Sneakers & Athletic","/browse/men/shoes/sneakers-athletic",2792,1,"2022-04-03 08:06:25"
"Men","Accessories","Bags","Home/Men/Accessories/Bags","/browse/men/accessories/bags-backpacks",1120,1,"2022-04-03 08:06:25"
"Men","Accessories","Belts","Home/Men/Accessories/Belts","/browse/men/accessories/belts",566,1,"2022-04-03 08:06:25"
"Men","Accessories","Face Masks","Home/Men/Accessories/Face Masks","/browse/men/accessories/protective-face-mask",62,1,"2022-04-03 08:06:25"
"Men","Accessories","Gloves","Home/Men/Accessories/Gloves","/browse/men/accessories/gloves",125,1,"2022-04-03 08:06:25"
"Men","Accessories","Hats","Home/Men/Accessories/Hats","/browse/men/accessories/hats",10447,1,"2022-04-03 08:06:25"
"Men","Accessories","Headphones","Home/Men/Accessories/Headphones","/browse/home/electronics/headphones",24,1,"2022-04-03 08:06:25"
"Men","Accessories","Phone Cases","Home/Men/Accessories/Phone Cases","/browse/women/accessories/phone-cases",146,1,"2022-04-03 08:06:25"
"Men","Accessories","Scarves","Home/Men/Accessories/Scarves","/browse/men/accessories/scarves",235,1,"2022-04-03 08:06:25"
"Men","Accessories","Sunglasses & Eyewear","Home/Men/Accessories/Sunglasses & Eyewear","/browse/men/accessories/sunglasses",2594,1,"2022-04-03 08:06:25"
"Men","Accessories","Ties & Pocket Squares","Home/Men/Accessories/Ties & Pocket Squares","/browse/men/accessories/ties-pocket-squares",718,1,"2022-04-03 08:06:25"
"Men","Accessories","Wallets & Card Cases","Home/Men/Accessories/Wallets & Card Cases","/browse/men/accessories/wallets",727,1,"2022-04-03 08:06:25"
"Men","Accessories","Luggage & Travel","Home/Men/Accessories/Luggage & Travel","/browse/home/luggage-travel",434,1,"2022-04-03 08:06:25"
"Men","Jewelry","Bracelets","Home/Men/Jewelry/Bracelets","/browse/men/jewelry/bracelets",374,1,"2022-04-03 08:06:25"
"Men","Jewelry","Cufflinks","Home/Men/Jewelry/Cufflinks","/browse/men/jewelry/cuff-links",463,1,"2022-04-03 08:06:25"
"Men","Jewelry","Earrings","Home/Men/Jewelry/Earrings","/browse/men/jewelry/earrings",70,1,"2022-04-03 08:06:25"
"Men","Jewelry","Fine Jewelry","Home/Men/Jewelry/Fine Jewelry","/browse/men/jewelry/fine",504,1,"2022-04-03 08:06:25"
"Men","Jewelry","Lapel Pins","Home/Men/Jewelry/Lapel Pins","/browse/men/jewelry/lapel-pins",61,1,"2022-04-03 08:06:25"
"Men","Jewelry","Necklaces","Home/Men/Jewelry/Necklaces","/browse/men/jewelry/necklaces",277,1,"2022-04-03 08:06:25"
"Men","Jewelry","Rings","Home/Men/Jewelry/Rings","/browse/men/jewelry/rings",175,1,"2022-04-03 08:06:25"
"Men","Jewelry","Tie Clips","Home/Men/Jewelry/Tie Clips","/browse/men/jewelry/tie-clips",119,1,"2022-04-03 08:06:25"
"Men","Jewelry","Watches","Home/Men/Jewelry/Watches","/browse/men/jewelry/watches",1990,1,"2022-04-03 08:06:25"
"Men","Designer","Designer Clothing","Home/Men/Designer/Designer Clothing","/browse/designer/men/clothing",3061,1,"2022-04-03 08:06:25"
"Men","Designer","Designer Shoes","Home/Men/Designer/Designer Shoes","/browse/designer/men/shoes",948,1,"2022-04-03 08:06:25"
"Men","Designer","Designer Accessories","Home/Men/Designer/Designer Accessories","/browse/designer/men/accessories",977,1,"2022-04-03 08:06:25"
"Men","Grooming & Cologne","Body Care & Deodorant","Home/Men/Grooming & Cologne/Body Care & Deodorant","/browse/men/grooming/body",416,1,"2022-04-03 08:06:25"
"Men","Grooming & Cologne","Cologne","Home/Men/Grooming & Cologne/Cologne","/browse/men/grooming/cologne",514,1,"2022-04-03 08:06:25"
"Men","Grooming & Cologne","Dopp Kits & Toiletry Bags","Home/Men/Grooming & Cologne/Dopp Kits & Toiletry Bags","/browse/men/grooming/toiletry-bags",27,1,"2022-04-03 08:06:25"
"Men","Grooming & Cologne","Gifts & Sets","Home/Men/Grooming & Cologne/Gifts & Sets","/browse/men/grooming/gift-sets",320,1,"2022-04-03 08:06:25"
"Men","Grooming & Cologne","Hair Products","Home/Men/Grooming & Cologne/Hair Products","/browse/men/grooming/hair",251,1,"2022-04-03 08:06:25"
"Men","Grooming & Cologne","Shaving & Beard Care","Home/Men/Grooming & Cologne/Shaving & Beard Care","/browse/men/grooming/shaving",135,1,"2022-04-03 08:06:25"
"Men","Grooming & Cologne","Skin Care","Home/Men/Grooming & Cologne/Skin Care","/browse/men/grooming/skincare",806,1,"2022-04-03 08:06:25"
"Men","Grooming & Cologne","Tools & Brushes","Home/Men/Grooming & Cologne/Tools & Brushes","/browse/men/grooming/tools-toiletry-bags",89,1,"2022-04-03 08:06:25"
"Men","New Arrivals","Clothing","Home/Men/New Arrivals/Clothing","/browse/men/new/clothing",5454,1,"2022-04-03 08:06:25"
"Men","New Arrivals","Shoes","Home/Men/New Arrivals/Shoes","/browse/men/new/shoes",221,1,"2022-04-03 08:06:25"
"Men","New Arrivals","Accessories","Home/Men/New Arrivals/Accessories","/browse/men/new/accessories",981,1,"2022-04-03 08:06:25"
"Men","New Arrivals","Grooming & Cologne","Home/Men/New Arrivals/Grooming & Cologne","/browse/men/new/grooming",12,1,"2022-04-03 08:06:25"
"Men","Bestsellers","Bestsellers","Home/Men/Bestsellers","/browse/men/bestsellers",829,1,"2022-04-03 08:06:25"
"Kids","Kids' Clothing","Activewear","Home/Kids/Kids' Clothing/Activewear","/browse/kids/clothing/activewear",3408,1,"2022-04-03 08:06:25"
"Kids","Kids' Clothing","Coats & Jackets","Home/Kids/Kids' Clothing/Coats & Jackets","/browse/kids/clothing/coats-jackets",1010,1,"2022-04-03 08:06:25"
"Kids","Kids' Clothing","Jeans & Denim","Home/Kids/Kids' Clothing/Jeans & Denim","/browse/kids/clothing/jeans",171,1,"2022-04-03 08:06:25"
"Kids","Kids' Clothing","Leggings & Pants","Home/Kids/Kids' Clothing/Leggings & Pants","/browse/kids/clothing/pants",1017,1,"2022-04-03 08:06:25"
"Kids","Kids' Clothing","Pajamas & Robes","Home/Kids/Kids' Clothing/Pajamas & Robes","/browse/kids/clothing/pajamas",592,1,"2022-04-03 08:06:25"
"Kids","Kids' Clothing","Shirts","Home/Kids/Kids' Clothing/Shirts","/browse/kids/clothing/shirts",3792,1,"2022-04-03 08:06:25"
"Kids","Kids' Clothing","Shorts","Home/Kids/Kids' Clothing/Shorts","/browse/kids/clothing/shorts",585,1,"2022-04-03 08:06:25"
"Kids","Kids' Clothing","Sweaters","Home/Kids/Kids' Clothing/Sweaters","/browse/kids/clothing/sweaters",193,1,"2022-04-03 08:06:25"
"Kids","Kids' Clothing","Swimwear","Home/Kids/Kids' Clothing/Swimwear","/browse/kids/clothing/swimwear",761,1,"2022-04-03 08:06:25"
"Kids","Kids' Accessories","Kids' Accessories","Home/Kids/Kids' Accessories","/browse/kids/accessories",1141,1,"2022-04-03 08:06:25"
"Kids","Kids' Shoes","Baby (Sizes 0-4)","Home/Kids/Kids' Shoes/Baby (Sizes 0-4)","/browse/kids/shoes/baby-shoes",719,1,"2022-04-03 08:06:25"
"Kids","Kids' Shoes","Walker (Sizes 4.5-7)","Home/Kids/Kids' Shoes/Walker (Sizes 4.5-7)","/browse/kids/shoes/walker",1027,1,"2022-04-03 08:06:25"
"Kids","Kids' Shoes","Toddler (Sizes 7.5-12)","Home/Kids/Kids' Shoes/Toddler (Sizes 7.5-12)","/browse/kids/shoes/toddler",1905,1,"2022-04-03 08:06:25"
"Kids","Kids' Shoes","Little Kid (Sizes 12.5-3)","Home/Kids/Kids' Shoes/Little Kid (Sizes 12.5-3)","/browse/kids/shoes/little-kid",1506,1,"2022-04-03 08:06:25"
"Kids","Kids' Shoes","Big Kid (Sizes 3.5-7)","Home/Kids/Kids' Shoes/Big Kid (Sizes 3.5-7)","/browse/kids/shoes/big-kid",1127,1,"2022-04-03 08:06:25"
"Kids","Girls' Clothing","Activewear","Home/Kids/Girls' Clothing/Activewear","/browse/kids/girls-clothing/activewear",922,1,"2022-04-03 08:06:25"
"Kids","Girls' Clothing","Coats & Jackets","Home/Kids/Girls' Clothing/Coats & Jackets","/browse/kids/girls-clothing/coats-jackets",387,1,"2022-04-03 08:06:25"
"Kids","Girls' Clothing","Dresses & Rompers","Home/Kids/Girls' Clothing/Dresses & Rompers","/browse/kids/girls-clothing/dresses-jumpsuits",994,1,"2022-04-03 08:06:25"
"Kids","Girls' Clothing","Jeans & Denim","Home/Kids/Girls' Clothing/Jeans & Denim","/browse/kids/girls-clothing/jeans",105,1,"2022-04-03 08:06:25"
"Kids","Girls' Clothing","Leggings & Pants","Home/Kids/Girls' Clothing/Leggings & Pants","/browse/kids/girls-clothing/pants-leggings",395,1,"2022-04-03 08:06:25"
"Kids","Girls' Clothing","Pajamas & Robes","Home/Kids/Girls' Clothing/Pajamas & Robes","/browse/kids/girls-clothing/pajamas",195,1,"2022-04-03 08:06:25"
"Kids","Girls' Clothing","Shorts","Home/Kids/Girls' Clothing/Shorts","/browse/kids/girls-clothing/shorts",154,1,"2022-04-03 08:06:25"
"Kids","Girls' Clothing","Skirts","Home/Kids/Girls' Clothing/Skirts","/browse/kids/girls-clothing/skirts",62,1,"2022-04-03 08:06:25"
"Kids","Girls' Clothing","Sweaters","Home/Kids/Girls' Clothing/Sweaters","/browse/kids/girls-clothing/sweaters",104,1,"2022-04-03 08:06:25"
"Kids","Girls' Clothing","Swimsuits & Cover-ups","Home/Kids/Girls' Clothing/Swimsuits & Cover-ups","/browse/kids/girls-clothing/swimsuits",360,1,"2022-04-03 08:06:25"
"Kids","Girls' Clothing","Tops","Home/Kids/Girls' Clothing/Tops","/browse/kids/girls-clothing/tops",1892,1,"2022-04-03 08:06:25"
"Kids","Girls' Clothing","Underwear, Bras & Socks","Home/Kids/Girls' Clothing/Underwear, Bras & Socks","/browse/kids/girls-clothing/underwear-lingerie",108,1,"2022-04-03 08:06:25"
"Kids","Girls' Shoes","Baby & Walker (Sizes 0-7)","Home/Kids/Girls' Shoes/Baby & Walker (Sizes 0-7)","/browse/kids/baby-walker-shoes/girls",982,1,"2022-04-03 08:06:25"
"Kids","Girls' Shoes","Toddler (Sizes 7.5-12)","Home/Kids/Girls' Shoes/Toddler (Sizes 7.5-12)","/browse/kids/girls-shoes/toddler",1506,1,"2022-04-03 08:06:25"
"Kids","Girls' Shoes","Little Kid (Sizes 12.5-3)","Home/Kids/Girls' Shoes/Little Kid (Sizes 12.5-3)","/browse/kids/girls-shoes/little-kid",1156,1,"2022-04-03 08:06:25"
"Kids","Girls' Shoes","Big Kid (Sizes 3.5-7)","Home/Kids/Girls' Shoes/Big Kid (Sizes 3.5-7)","/browse/kids/girls-shoes/big-kid",845,1,"2022-04-03 08:06:25"
"Kids","Girls' Shoes","Socks & Tights","Home/Kids/Girls' Shoes/Socks & Tights","/browse/kids/girls-shoes/socks-tights",84,1,"2022-04-03 08:06:25"
"Kids","Girls' Shoes","Boots & Booties","Home/Kids/Girls' Shoes/Boots & Booties","/browse/kids/girls-shoes/booties-boots",441,1,"2022-04-03 08:06:25"
"Kids","Girls' Shoes","Sandals & Flip-Flops","Home/Kids/Girls' Shoes/Sandals & Flip-Flops","/browse/kids/girls-shoes/sandals",394,1,"2022-04-03 08:06:25"
"Kids","Girls' Shoes","Slippers","Home/Kids/Girls' Shoes/Slippers","/browse/kids/girls-shoes/slippers",50,1,"2022-04-03 08:06:25"
"Kids","Girls' Shoes","Sneakers & Athletic","Home/Kids/Girls' Shoes/Sneakers & Athletic","/browse/kids/girls-shoes/sneakers-athletic",1185,1,"2022-04-03 08:06:25"
"Kids","Boys' Clothing","Activewear","Home/Kids/Boys' Clothing/Activewear","/browse/kids/boys-clothing/activewear",2762,1,"2022-04-03 08:06:25"
"Kids","Boys' Clothing","Coats & Jackets","Home/Kids/Boys' Clothing/Coats & Jackets","/browse/kids/boys-clothing/coats-jackets",578,1,"2022-04-03 08:06:25"
"Kids","Boys' Clothing","Jeans & Denim","Home/Kids/Boys' Clothing/Jeans & Denim","/browse/kids/boys-clothing/jeans",66,1,"2022-04-03 08:06:25"
"Kids","Boys' Clothing","Pajamas & Robes","Home/Kids/Boys' Clothing/Pajamas & Robes","/browse/kids/boys-clothing/pajamas",311,1,"2022-04-03 08:06:25"
"Kids","Boys' Clothing","Pants","Home/Kids/Boys' Clothing/Pants","/browse/kids/boys-clothing/pants",583,1,"2022-04-03 08:06:25"
"Kids","Boys' Clothing","Shirts","Home/Kids/Boys' Clothing/Shirts","/browse/kids/boys-clothing/tops",4460,1,"2022-04-03 08:06:25"
"Kids","Boys' Clothing","Shorts","Home/Kids/Boys' Clothing/Shorts","/browse/kids/boys-clothing/shorts",479,1,"2022-04-03 08:06:25"
"Kids","Boys' Clothing","Suits & Separates","Home/Kids/Boys' Clothing/Suits & Separates","/browse/kids/boys-clothing/suits-separates",28,1,"2022-04-03 08:06:25"
"Kids","Boys' Clothing","Sweaters & Sweatshirts","Home/Kids/Boys' Clothing/Sweaters & Sweatshirts","/browse/kids/boys-clothing/sweaters",56,1,"2022-04-03 08:06:25"
"Kids","Boys' Clothing","Swim Trunks & Rashguards","Home/Kids/Boys' Clothing/Swim Trunks & Rashguards","/browse/kids/boys-clothing/swimwear",252,1,"2022-04-03 08:06:25"
"Kids","Boys' Clothing","T-Shirts","Home/Kids/Boys' Clothing/T-Shirts","/browse/kids/boys-clothing/tshirts",1992,1,"2022-04-03 08:06:25"
"Kids","Boys' Clothing","Underwear & Socks","Home/Kids/Boys' Clothing/Underwear & Socks","/browse/kids/boys-clothing/underwear-socks",115,1,"2022-04-03 08:06:25"
"Kids","Boys' Shoes","Baby & Walker (Sizes 0-7)","Home/Kids/Boys' Shoes/Baby & Walker (Sizes 0-7)","/browse/kids/baby-walker-shoes/boys",673,1,"2022-04-03 08:06:25"
"Kids","Boys' Shoes","Toddler (Sizes 7.5-12)","Home/Kids/Boys' Shoes/Toddler (Sizes 7.5-12)","/browse/kids/boys-shoes/toddler",1149,1,"2022-04-03 08:06:25"
"Kids","Boys' Shoes","Little Kid (Sizes 12.5-3)","Home/Kids/Boys' Shoes/Little Kid (Sizes 12.5-3)","/browse/kids/boys-shoes/little-kid",882,1,"2022-04-03 08:06:25"
"Kids","Boys' Shoes","Big Kid (Sizes 3.5-7)","Home/Kids/Boys' Shoes/Big Kid (Sizes 3.5-7)","/browse/kids/boys-shoes/big-kid",692,1,"2022-04-03 08:06:25"
"Kids","Boys' Shoes","Socks","Home/Kids/Boys' Shoes/Socks","/browse/kids/boys-shoes/socks",58,1,"2022-04-03 08:06:25"
"Kids","Boys' Shoes","Boots","Home/Kids/Boys' Shoes/Boots","/browse/kids/boys-shoes/boots",324,1,"2022-04-03 08:06:25"
"Kids","Boys' Shoes","Sandals & Flip-Flops","Home/Kids/Boys' Shoes/Sandals & Flip-Flops","/browse/kids/boys-shoes/sandals",234,1,"2022-04-03 08:06:25"
"Kids","Boys' Shoes","Slippers","Home/Kids/Boys' Shoes/Slippers","/browse/kids/boys-shoes/slippers",30,1,"2022-04-03 08:06:25"
"Kids","Boys' Shoes","Sneakers & Athletic","Home/Kids/Boys' Shoes/Sneakers & Athletic","/browse/kids/boys-shoes/sneakers-athletic",1036,1,"2022-04-03 08:06:25"
"Kids","Baby Clothing","Baby Girl Clothing","Home/Kids/Baby Clothing/Baby Girl Clothing","/browse/kids/baby-clothing/girl-clothing",1721,1,"2022-04-03 08:06:25"
"Kids","Baby Clothing","Baby Boy Clothing","Home/Kids/Baby Clothing/Baby Boy Clothing","/browse/kids/baby-clothing/boy-clothing",1415,1,"2022-04-03 08:06:25"
"Kids","Baby Clothing","Gender Neutral Baby Clothing","Home/Kids/Baby Clothing/Gender Neutral Baby Clothing","/browse/kids/baby-clothing/unisex-clothing",688,1,"2022-04-03 08:06:25"
"Kids","Baby Accessories","Baby Accessories","Home/Kids/Baby Accessories","/browse/kids/baby/accessories",189,1,"2022-04-03 08:06:25"
"Kids","Baby Gear & Essentials","Baby Carriers","Home/Kids/Baby Gear & Essentials/Baby Carriers","/browse/kids/baby-gear/carriers",56,1,"2022-04-03 08:06:25"
"Kids","Baby Gear & Essentials","Bath & Safety","Home/Kids/Baby Gear & Essentials/Bath & Safety","/browse/kids/baby-gear/bath-safety",163,1,"2022-04-03 08:06:25"
"Kids","Baby Gear & Essentials","Blankets & Swaddles","Home/Kids/Baby Gear & Essentials/Blankets & Swaddles","/browse/kids/baby-gear/blankets",276,1,"2022-04-03 08:06:25"
"Kids","Baby Gear & Essentials","Car Seats","Home/Kids/Baby Gear & Essentials/Car Seats","/browse/kids/baby-gear/car-seats",58,1,"2022-04-03 08:06:25"
"Kids","Baby Gear & Essentials","Diaper Bags","Home/Kids/Baby Gear & Essentials/Diaper Bags","/browse/kids/baby-gear/diaper-bags",155,1,"2022-04-03 08:06:25"
"Kids","Baby Gear & Essentials","Diapering","Home/Kids/Baby Gear & Essentials/Diapering","/browse/kids/baby-gear/diapering",51,1,"2022-04-03 08:06:25"
"Kids","Baby Gear & Essentials","Feeding","Home/Kids/Baby Gear & Essentials/Feeding","/browse/kids/baby-gear/feeding",615,1,"2022-04-03 08:06:25"
"Kids","Baby Gear & Essentials","High Chairs","Home/Kids/Baby Gear & Essentials/High Chairs","/browse/kids/baby-gear/highchairs",34,1,"2022-04-03 08:06:25"
"Kids","Baby Gear & Essentials","Nursery & Decor","Home/Kids/Baby Gear & Essentials/Nursery & Decor","/browse/kids/baby-gear/nursery-decor",738,1,"2022-04-03 08:06:25"
"Kids","Baby Gear & Essentials","Strollers","Home/Kids/Baby Gear & Essentials/Strollers","/browse/kids/baby-gear/strollers",491,1,"2022-04-03 08:06:25"
"Kids","Baby & Walker Shoes","Girls","Home/Kids/Baby & Walker Shoes/Girls","/browse/kids/baby-walker-shoes/girls",988,1,"2022-04-03 08:06:25"
"Kids","Baby & Walker Shoes","Boys","Home/Kids/Baby & Walker Shoes/Boys","/browse/kids/baby-walker-shoes/boys",675,1,"2022-04-03 08:06:25"
"Kids","Baby & Walker Shoes","Unisex","Home/Kids/Baby & Walker Shoes/Unisex","/browse/kids/baby-walker-shoes/unisex",454,1,"2022-04-03 08:06:25"
"Kids","Baby & Walker Shoes","First Walker Shoes","Home/Kids/Baby & Walker Shoes/First Walker Shoes","/browse/kids/baby-walker-shoes/first",97,1,"2022-04-03 08:06:25"
"Kids","Baby & Walker Shoes","Sandals","Home/Kids/Baby & Walker Shoes/Sandals","/browse/kids/baby-walker-shoes/sandals",165,1,"2022-04-03 08:06:25"
"Kids","Baby & Walker Shoes","Crib Shoes","Home/Kids/Baby & Walker Shoes/Crib Shoes","/browse/kids/baby-walker-shoes/crib",279,1,"2022-04-03 08:06:25"
"Kids","New Arrivals","Girls","Home/Kids/New Arrivals/Girls","/browse/kids/new/girls",627,1,"2022-04-03 08:06:25"
"Kids","New Arrivals","Boys","Home/Kids/New Arrivals/Boys","/browse/kids/new/boys",1056,1,"2022-04-03 08:06:25"
"Kids","New Arrivals","Baby Girl","Home/Kids/New Arrivals/Baby Girl","/browse/kids/new/baby-girl",240,1,"2022-04-03 08:06:25"
"Kids","New Arrivals","Baby Boy","Home/Kids/New Arrivals/Baby Boy","/browse/kids/new/baby-boy",231,1,"2022-04-03 08:06:25"
"Kids","New Arrivals","Baby Gear & Essentials","Home/Kids/New Arrivals/Baby Gear & Essentials","/browse/kids/new/baby-gear",144,1,"2022-04-03 08:06:25"
"Kids","New Arrivals","Shoes","Home/Kids/New Arrivals/Shoes","/browse/kids/new/shoes",256,1,"2022-04-03 08:06:25"
"Kids","New Arrivals","Designer Collections","Home/Kids/New Arrivals/Designer Collections","/browse/kids/new/designer",109,1,"2022-04-03 08:06:25"
"Kids","Shop by Occasion","Cold Weather","Home/Kids/Shop by Occasion/Cold Weather","/browse/kids/occasion/cold-weather",1006,1,"2022-04-03 08:06:25"
"Kids","Shop by Occasion","Easter","Home/Kids/Shop by Occasion/Easter","/browse/kids/occasion/easter",864,1,"2022-04-03 08:06:25"
"Kids","Shop by Occasion","Holiday Outfits","Home/Kids/Shop by Occasion/Holiday Outfits","/browse/kids/occasion/holiday-party-outfits",303,1,"2022-04-03 08:06:25"
"Kids","Shop by Occasion","Vacation","Home/Kids/Shop by Occasion/Vacation","/browse/kids/occasion/vacation",877,1,"2022-04-03 08:06:25"
"Kids","Shop by Occasion","Special Occasions","Home/Kids/Shop by Occasion/Special Occasions","/browse/kids/special-occasion",535,1,"2022-04-03 08:06:25"
"Kids","Toy Shop","Arts & Crafts","Home/Kids/Toy Shop/Arts & Crafts","/browse/kids/toys/arts-and-crafts",45,1,"2022-04-03 08:06:25"
"Kids","Toy Shop","Books","Home/Kids/Toy Shop/Books","/browse/kids/toys/books",106,1,"2022-04-03 08:06:25"
"Kids","Toy Shop","Costumes & Dress-Up","Home/Kids/Toy Shop/Costumes & Dress-Up","/browse/kids/costumes",60,1,"2022-04-03 08:06:25"
"Kids","Toy Shop","Dolls","Home/Kids/Toy Shop/Dolls","/browse/kids/toys/dolls",100,1,"2022-04-03 08:06:25"
"Kids","Toy Shop","Education & STEM","Home/Kids/Toy Shop/Education & STEM","/browse/kids/toys/educational-stem",68,1,"2022-04-03 08:06:25"
"Kids","Toy Shop","Games & Puzzles","Home/Kids/Toy Shop/Games & Puzzles","/browse/kids/toys/games",127,1,"2022-04-03 08:06:25"
"Kids","Toy Shop","Pretend Play","Home/Kids/Toy Shop/Pretend Play","/browse/kids/toys/pretend-play",81,1,"2022-04-03 08:06:25"
"Kids","Toy Shop","Stuffed Animals","Home/Kids/Toy Shop/Stuffed Animals","/browse/kids/toys/stuffed-animals",186,1,"2022-04-03 08:06:25"
"Young Adult","Women's Clothing","Coats & Jackets","Home/Young Adult/Women's Clothing/Coats & Jackets","/browse/young-adult/women-clothing/coats-jackets",343,1,"2022-04-03 08:06:25"
"Young Adult","Women's Clothing","Dresses","Home/Young Adult/Women's Clothing/Dresses","/browse/young-adult/women-clothing/dresses",1112,1,"2022-04-03 08:06:25"
"Young Adult","Women's Clothing","Jeans","Home/Young Adult/Women's Clothing/Jeans","/browse/young-adult/women-clothing/jeans",302,1,"2022-04-03 08:06:25"
"Young Adult","Women's Clothing","Pajamas & Robes","Home/Young Adult/Women's Clothing/Pajamas & Robes","/browse/young-adult/women-clothing/sleepwear-robes",123,1,"2022-04-03 08:06:25"
"Young Adult","Women's Clothing","Pants & Leggings","Home/Young Adult/Women's Clothing/Pants & Leggings","/browse/young-adult/women-clothing/pants",728,1,"2022-04-03 08:06:25"
"Young Adult","Women's Clothing","Shorts","Home/Young Adult/Women's Clothing/Shorts","/browse/young-adult/women-clothing/shorts",267,1,"2022-04-03 08:06:25"
"Young Adult","Women's Clothing","Skirts","Home/Young Adult/Women's Clothing/Skirts","/browse/young-adult/women-clothing/skirts",111,1,"2022-04-03 08:06:25"
"Young Adult","Women's Clothing","Sweaters","Home/Young Adult/Women's Clothing/Sweaters","/browse/young-adult/women-clothing/sweaters",222,1,"2022-04-03 08:06:25"
"Young Adult","Women's Clothing","Sweatshirts & Hoodies","Home/Young Adult/Women's Clothing/Sweatshirts & Hoodies","/browse/young-adult/women-clothing/sweatshirts-hoodies",414,1,"2022-04-03 08:06:25"
"Young Adult","Women's Clothing","Swimsuits & Cover-Ups","Home/Young Adult/Women's Clothing/Swimsuits & Cover-Ups","/browse/young-adult/women-clothing/swimsuits",550,1,"2022-04-03 08:06:25"
"Young Adult","Women's Clothing","Tops","Home/Young Adult/Women's Clothing/Tops","/browse/young-adult/women-clothing/tops-tees",1368,1,"2022-04-03 08:06:25"
"Young Adult","Women's Clothing","Underwear, Bras & Socks","Home/Young Adult/Women's Clothing/Underwear, Bras & Socks","/browse/young-adult/women-clothing/underwear-lingerie",458,1,"2022-04-03 08:06:25"
"Young Adult","Women's Shoes","Boots","Home/Young Adult/Women's Shoes/Boots","/browse/young-adult/women-shoes/boots",260,1,"2022-04-03 08:06:25"
"Young Adult","Women's Shoes","Heels","Home/Young Adult/Women's Shoes/Heels","/browse/young-adult/women-shoes/heels",218,1,"2022-04-03 08:06:25"
"Young Adult","Women's Shoes","Sandals","Home/Young Adult/Women's Shoes/Sandals","/browse/young-adult/women-shoes/sandals",360,1,"2022-04-03 08:06:25"
"Young Adult","Women's Shoes","Sneakers & Athletic","Home/Young Adult/Women's Shoes/Sneakers & Athletic","/browse/young-adult/women-shoes/sneakers-athletic",406,1,"2022-04-03 08:06:25"
"Young Adult","Men's Clothing","Coats & Jackets","Home/Young Adult/Men's Clothing/Coats & Jackets","/browse/young-adult/mens/coats-jackets",556,1,"2022-04-03 08:06:25"
"Young Adult","Men's Clothing","Jeans","Home/Young Adult/Men's Clothing/Jeans","/browse/young-adult/men-clothing/jeans",182,1,"2022-04-03 08:06:25"
"Young Adult","Men's Clothing","Joggers & Sweatpants","Home/Young Adult/Men's Clothing/Joggers & Sweatpants","/browse/young-adult/men-clothing/joggers",194,1,"2022-04-03 08:06:25"
"Young Adult","Men's Clothing","Lounge & Pajamas","Home/Young Adult/Men's Clothing/Lounge & Pajamas","/browse/young-adult/men-clothing/sleepwear-robes",10,1,"2022-04-03 08:06:25"
"Young Adult","Men's Clothing","Pants","Home/Young Adult/Men's Clothing/Pants","/browse/young-adult/men-clothing/pants",710,1,"2022-04-03 08:06:25"
"Young Adult","Men's Clothing","Shirts","Home/Young Adult/Men's Clothing/Shirts","/browse/young-adult/men-clothing/shirts",3029,1,"2022-04-03 08:06:25"
"Young Adult","Men's Clothing","Shorts","Home/Young Adult/Men's Clothing/Shorts","/browse/young-adult/men-clothing/shorts",404,1,"2022-04-03 08:06:25"
"Young Adult","Men's Clothing","Suits & Separates","Home/Young Adult/Men's Clothing/Suits & Separates","/browse/young-adult/men-clothing/suits",12,1,"2022-04-03 08:06:25"
"Young Adult","Men's Clothing","Sweaters","Home/Young Adult/Men's Clothing/Sweaters","/browse/young-adult/men-clothing/sweaters",45,1,"2022-04-03 08:06:25"
"Young Adult","Men's Clothing","Sweatshirts & Hoodies","Home/Young Adult/Men's Clothing/Sweatshirts & Hoodies","/browse/young-adult/men-clothing/sweatshirts-hoodies",967,1,"2022-04-03 08:06:25"
"Young Adult","Men's Clothing","Swimwear & Board Shorts","Home/Young Adult/Men's Clothing/Swimwear & Board Shorts","/browse/young-adult/men-clothing/swimwear",109,1,"2022-04-03 08:06:25"
"Young Adult","Men's Clothing","T-Shirts","Home/Young Adult/Men's Clothing/T-Shirts","/browse/young-adult/men-clothing/shirts/tshirts",2068,1,"2022-04-03 08:06:25"
"Young Adult","Men's Clothing","Underwear, Boxers & Socks","Home/Young Adult/Men's Clothing/Underwear, Boxers & Socks","/browse/young-adult/men-clothing/underwear-socks",45,1,"2022-04-03 08:06:25"
"Young Adult","Men's Shoes","Boots","Home/Young Adult/Men's Shoes/Boots","/browse/young-adult/mens-shoes/boots",44,1,"2022-04-03 08:06:25"
"Young Adult","Men's Shoes","Sandals","Home/Young Adult/Men's Shoes/Sandals","/browse/young-adult/mens-shoes/sandals",67,1,"2022-04-03 08:06:25"
"Young Adult","Men's Shoes","Sneakers & Athletic","Home/Young Adult/Men's Shoes/Sneakers & Athletic","/browse/young-adult/mens-shoes/sneakers-athletic",346,1,"2022-04-03 08:06:25"
"Young Adult","Gender Inclusive","Clothing","Home/Young Adult/Gender Inclusive/Clothing","/browse/young-adult/unisex/clothing",179,1,"2022-04-03 08:06:25"
"Young Adult","Gender Inclusive","Accessories","Home/Young Adult/Gender Inclusive/Accessories","/browse/young-adult/unisex/accessories",133,1,"2022-04-03 08:06:25"
"Young Adult","Gender Inclusive","Beauty","Home/Young Adult/Gender Inclusive/Beauty","/browse/young-adult/beauty",701,1,"2022-04-03 08:06:25"
"Young Adult","Gender Inclusive","Shoes","Home/Young Adult/Gender Inclusive/Shoes","/browse/young-adult/unisex/shoes",112,1,"2022-04-03 08:06:25"
"Young Adult","Accessories","Bags & Backpacks","Home/Young Adult/Accessories/Bags & Backpacks","/browse/young-adult/accessories/handbags",155,1,"2022-04-03 08:06:25"
"Young Adult","Accessories","Hair Accessories","Home/Young Adult/Accessories/Hair Accessories","/browse/young-adult/accessories/hair-accessories",44,1,"2022-04-03 08:06:25"
"Young Adult","Accessories","Hats & Beanies","Home/Young Adult/Accessories/Hats & Beanies","/browse/young-adult/accessories/hats",625,1,"2022-04-03 08:06:25"
"Young Adult","Accessories","Jewelry","Home/Young Adult/Accessories/Jewelry","/browse/young-adult/accessories/jewelry",116,1,"2022-04-03 08:06:25"
"Young Adult","Accessories","Scarves & Wraps","Home/Young Adult/Accessories/Scarves & Wraps","/browse/young-adult/accessories/scarves-wraps",28,1,"2022-04-03 08:06:25"
"Young Adult","Accessories","Sunglasses & Eyewear","Home/Young Adult/Accessories/Sunglasses & Eyewear","/browse/young-adult/accessories/sunglasses",141,1,"2022-04-03 08:06:25"
"Young Adult","Beauty","Gifts & Sets","Home/Young Adult/Beauty/Gifts & Sets","/browse/young-adult/beauty/gift-sets",142,1,"2022-04-03 08:06:25"
"Young Adult","Beauty","Hair Care","Home/Young Adult/Beauty/Hair Care","/browse/young-adult/beauty/hair",55,1,"2022-04-03 08:06:25"
"Young Adult","Beauty","Makeup","Home/Young Adult/Beauty/Makeup","/browse/young-adult/beauty/makeup",221,1,"2022-04-03 08:06:25"
"Young Adult","Beauty","Nail Polish","Home/Young Adult/Beauty/Nail Polish","/browse/young-adult/beauty/makeup/nails",24,1,"2022-04-03 08:06:25"
"Young Adult","Beauty","Skin Care","Home/Young Adult/Beauty/Skin Care","/browse/young-adult/beauty/skincare",351,1,"2022-04-03 08:06:25"
"Young Adult","Beauty","Sustainable Beauty","Home/Young Adult/Beauty/Sustainable Beauty","/browse/young-adult/beauty/sustainable-style",94,1,"2022-04-03 08:06:25"
"Young Adult","New Arrivals","New Arrivals","Home/Young Adult/New Arrivals","/browse/young-adult/new",770,1,"2022-04-03 08:06:25"
"Young Adult","Sale","Women","Home/Young Adult/Sale/Women","/browse/sale/young-adult/women",2667,1,"2022-04-03 08:06:25"
"Young Adult","Sale","Men","Home/Young Adult/Sale/Men","/browse/sale/young-adult/men",1300,1,"2022-04-03 08:06:25"
"Young Adult","Sale","Gender Inclusive","Home/Young Adult/Sale/Gender Inclusive","/browse/sale/young-adult/unisex",125,1,"2022-04-03 08:06:25"
"Young Adult","Shop by Occasion","Casual Weekend","Home/Young Adult/Shop by Occasion/Casual Weekend","/browse/young-adult/occasion/weekend",467,1,"2022-04-03 08:06:25"
"Young Adult","Shop by Occasion","Cold Weather","Home/Young Adult/Shop by Occasion/Cold Weather","/browse/young-adult/occasion/cold-weather",704,1,"2022-04-03 08:06:25"
"Young Adult","Shop by Occasion","Holiday Outfits","Home/Young Adult/Shop by Occasion/Holiday Outfits","/browse/young-adult/occasion/holiday-party-outfits",147,1,"2022-04-03 08:06:25"
"Young Adult","Shop by Occasion","Homecoming","Home/Young Adult/Shop by Occasion/Homecoming","/browse/young-adult/occasion/homecoming",129,1,"2022-04-03 08:06:25"
"Young Adult","Shop by Occasion","Night Out","Home/Young Adult/Shop by Occasion/Night Out","/browse/young-adult/occasion/night-out",67,1,"2022-04-03 08:06:25"
"Young Adult","Shop by Occasion","Prom & Formals","Home/Young Adult/Shop by Occasion/Prom & Formals","/browse/prom/all",943,1,"2022-04-03 08:06:25"
"Young Adult","Shop by Occasion","Vacation","Home/Young Adult/Shop by Occasion/Vacation","/browse/young-adult/occasion/vacation",1069,1,"2022-04-03 08:06:25"
"Young Adult","Top Brands","BP.","Home/Young Adult/Top Brands/BP.","/brands/bp",898,1,"2022-04-03 08:06:25"
"Young Adult","Top Brands","BP. + WILDFANG","Home/Young Adult/Top Brands/BP. + WILDFANG","/brands/bp-wildfang",0,1,"2022-04-03 08:06:25"
"Young Adult","Top Brands","Cross Colours","Home/Young Adult/Top Brands/Cross Colours","/brands/cross-colours",100,1,"2022-04-03 08:06:25"
"Activewear","Women's Activewear","Dresses & Skirts","Home/Activewear/Women's Activewear/Dresses & Skirts","/browse/activewear/women-clothing/athletic-dresses-skirts",148,1,"2022-04-03 08:06:25"
"Activewear","Women's Activewear","Jackets","Home/Activewear/Women's Activewear/Jackets","/browse/activewear/women-clothing/athletic-jackets",470,1,"2022-04-03 08:06:25"
"Activewear","Women's Activewear","Leggings","Home/Activewear/Women's Activewear/Leggings","/browse/activewear/women-clothing/workout-leggings",653,1,"2022-04-03 08:06:25"
"Activewear","Women's Activewear","Shirts & Tanks","Home/Activewear/Women's Activewear/Shirts & Tanks","/browse/activewear/women-clothing/athletic-shirts-tops",3419,1,"2022-04-03 08:06:25"
"Activewear","Women's Activewear","Shorts","Home/Activewear/Women's Activewear/Shorts","/browse/activewear/women-clothing/athletic-shorts",479,1,"2022-04-03 08:06:25"
"Activewear","Women's Activewear","Socks","Home/Activewear/Women's Activewear/Socks","/browse/activewear/women-clothing/athletic-socks",170,1,"2022-04-03 08:06:25"
"Activewear","Women's Activewear","Sports Bras","Home/Activewear/Women's Activewear/Sports Bras","/browse/activewear/women-clothing/sports-bras",350,1,"2022-04-03 08:06:25"
"Activewear","Women's Activewear","Sweatshirts & Hoodies","Home/Activewear/Women's Activewear/Sweatshirts & Hoodies","/browse/activewear/women-clothing/sweatshirts-hoodies",1235,1,"2022-04-03 08:06:25"
"Activewear","Women's Activewear","Sweatpants & Joggers","Home/Activewear/Women's Activewear/Sweatpants & Joggers","/browse/activewear/women-clothing/joggers-sweatpants",243,1,"2022-04-03 08:06:25"
"Activewear","Women's Activewear","Maternity Activewear","Home/Activewear/Women's Activewear/Maternity Activewear","/browse/women/maternity/activewear",35,1,"2022-04-03 08:06:25"
"Activewear","Women's Activewear","Plus-Size Activewear","Home/Activewear/Women's Activewear/Plus-Size Activewear","/browse/women/clothing/plus-size/activewear",631,1,"2022-04-03 08:06:25"
"Activewear","Women's Active Shoes","Athletic Shoes","Home/Activewear/Women's Active Shoes/Athletic Shoes","/browse/women/shoes/sneakers-athletic/athletic-shoes",408,1,"2022-04-03 08:06:25"
"Activewear","Women's Active Shoes","Hiking Shoes","Home/Activewear/Women's Active Shoes/Hiking Shoes","/browse/activewear/women-shoes/hiking-shoes",146,1,"2022-04-03 08:06:25"
"Activewear","Women's Active Shoes","Outdoor Boots","Home/Activewear/Women's Active Shoes/Outdoor Boots","/browse/activewear/women-shoes/outdoor-boots",52,1,"2022-04-03 08:06:25"
"Activewear","Women's Active Shoes","Running Shoes","Home/Activewear/Women's Active Shoes/Running Shoes","/browse/women/shoes/running-shoes",173,1,"2022-04-03 08:06:25"
"Activewear","Women's Active Shoes","Sneakers","Home/Activewear/Women's Active Shoes/Sneakers","/browse/activewear/women-shoes/sneakers",791,1,"2022-04-03 08:06:25"
"Activewear","Women's Active Shoes","Sport Sandals","Home/Activewear/Women's Active Shoes/Sport Sandals","/browse/activewear/women-shoes/sport-sandals",80,1,"2022-04-03 08:06:25"
"Activewear","Men's Activewear","Jackets","Home/Activewear/Men's Activewear/Jackets","/browse/activewear/men-clothing/athletic-jackets",859,1,"2022-04-03 08:06:25"
"Activewear","Men's Activewear","Shirts & Tanks","Home/Activewear/Men's Activewear/Shirts & Tanks","/browse/activewear/men-clothing/athletic-shirts",8560,1,"2022-04-03 08:06:25"
"Activewear","Men's Activewear","Shorts","Home/Activewear/Men's Activewear/Shorts","/browse/men/clothing/shorts/athletic-shorts",1963,1,"2022-04-03 08:06:25"
"Activewear","Men's Activewear","Socks","Home/Activewear/Men's Activewear/Socks","/browse/activewear/men-clothing/athletic-socks",234,1,"2022-04-03 08:06:25"
"Activewear","Men's Activewear","Sweatpants & Joggers","Home/Activewear/Men's Activewear/Sweatpants & Joggers","/browse/men/clothing/joggers",976,1,"2022-04-03 08:06:25"
"Activewear","Men's Activewear","Sweatshirts & Hoodies","Home/Activewear/Men's Activewear/Sweatshirts & Hoodies","/browse/men/clothing/sweatshirts-hoodies",8174,1,"2022-04-03 08:06:25"
"Activewear","Men's Active Shoes","Athletic Shoes","Home/Activewear/Men's Active Shoes/Athletic Shoes","/browse/men/shoes/sneakers-athletic/athletic-shoes",522,1,"2022-04-03 08:06:25"
"Activewear","Men's Active Shoes","Hiking Shoes","Home/Activewear/Men's Active Shoes/Hiking Shoes","/browse/activewear/mens-shoes/hiking",163,1,"2022-04-03 08:06:25"
"Activewear","Men's Active Shoes","Outdoor Boots","Home/Activewear/Men's Active Shoes/Outdoor Boots","/browse/activewear/mens-shoes/outdoor-boots",52,1,"2022-04-03 08:06:25"
"Activewear","Men's Active Shoes","Running Shoes","Home/Activewear/Men's Active Shoes/Running Shoes","/browse/men/shoes/running-shoes",219,1,"2022-04-03 08:06:25"
"Activewear","Men's Active Shoes","Sneakers","Home/Activewear/Men's Active Shoes/Sneakers","/browse/activewear/mens-shoes/sneakers",832,1,"2022-04-03 08:06:25"
"Activewear","Men's Active Shoes","Sport Sandals","Home/Activewear/Men's Active Shoes/Sport Sandals","/browse/activewear/mens-shoes/sport-sandals",70,1,"2022-04-03 08:06:25"
"Activewear","Kids' Activewear","Girls' Activewear","Home/Activewear/Kids' Activewear/Girls' Activewear","/browse/kids/girls/activewear",1292,1,"2022-04-03 08:06:25"
"Activewear","Kids' Activewear","Boys' Activewear","Home/Activewear/Kids' Activewear/Boys' Activewear","/browse/kids/boys/activewear",3274,1,"2022-04-03 08:06:25"
"Activewear","Kids' Active Shoes","Girls' Athletic Shoes","Home/Activewear/Kids' Active Shoes/Girls' Athletic Shoes","/browse/activewear/kids-shoes/girls",364,1,"2022-04-03 08:06:25"
"Activewear","Kids' Active Shoes","Boys' Athletic Shoes","Home/Activewear/Kids' Active Shoes/Boys' Athletic Shoes","/browse/activewear/kids-shoes/boys",442,1,"2022-04-03 08:06:25"
"Activewear","Athletic Gear & Equipment","Athletic Gear & Equipment","Home/Activewear/Athletic Gear & Equipment","/browse/activewear/athletic-gear",1710,1,"2022-04-03 08:06:25"
"Activewear","Shop by Activity","Athleisure","Home/Activewear/Shop by Activity/Athleisure","/browse/activewear/activities/athleisure",361,1,"2022-04-03 08:06:25"
"Activewear","Shop by Activity","Cycling","Home/Activewear/Shop by Activity/Cycling","/browse/activewear/activities/cycling",214,1,"2022-04-03 08:06:25"
"Activewear","Shop by Activity","Golf","Home/Activewear/Shop by Activity/Golf","/browse/activewear/activities/golf",777,1,"2022-04-03 08:06:25"
"Activewear","Shop by Activity","Hiking & Outdoor","Home/Activewear/Shop by Activity/Hiking & Outdoor","/browse/activewear/activities/hiking",457,1,"2022-04-03 08:06:25"
"Activewear","Shop by Activity","Running","Home/Activewear/Shop by Activity/Running","/browse/activewear/activities/running",1012,1,"2022-04-03 08:06:25"
"Activewear","Shop by Activity","Swim & Surf","Home/Activewear/Shop by Activity/Swim & Surf","/browse/swim-surf",1372,1,"2022-04-03 08:06:25"
"Activewear","Shop by Activity","Tennis","Home/Activewear/Shop by Activity/Tennis","/browse/activewear/activities/tennis",92,1,"2022-04-03 08:06:25"
"Activewear","Shop by Activity","Training","Home/Activewear/Shop by Activity/Training","/browse/activewear/activities/training",443,1,"2022-04-03 08:06:25"
"Activewear","Shop by Activity","Winter Sports","Home/Activewear/Shop by Activity/Winter Sports","/browse/activewear/activities/winter-sports",84,1,"2022-04-03 08:06:25"
"Activewear","Shop by Activity","Yoga & Barre","Home/Activewear/Shop by Activity/Yoga & Barre","/browse/activewear/activities/yoga-and-barre",376,1,"2022-04-03 08:06:25"
"Home","Bath","Bath Accessories","Home/Home/Bath/Bath Accessories","/browse/home/bath/bathroom-accessories",172,1,"2022-04-03 08:06:25"
"Home","Bath","Bath & Body Products","Home/Home/Bath/Bath & Body Products","/browse/beauty/bath-body",1491,1,"2022-04-03 08:06:25"
"Home","Bath","Bathrobes & Robes","Home/Home/Bath/Bathrobes & Robes","/browse/women/clothing/sleepwear-robes/robes",351,1,"2022-04-03 08:06:25"
"Home","Bath","Towels","Home/Home/Bath/Towels","/browse/home/bath/towels",188,1,"2022-04-03 08:06:25"
"Home","Bedding","Bedding Basics","Home/Home/Bedding/Bedding Basics","/browse/home/bedding/basics",59,1,"2022-04-03 08:06:25"
"Home","Bedding","Bedding Sets","Home/Home/Bedding/Bedding Sets","/browse/home/bedding/sets",157,1,"2022-04-03 08:06:25"
"Home","Bedding","Blankets & Throws","Home/Home/Bedding/Blankets & Throws","/browse/home/bedding/blankets-throws",298,1,"2022-04-03 08:06:25"
"Home","Bedding","Comforters & Quilts","Home/Home/Bedding/Comforters & Quilts","/browse/home/bedding/comforters",119,1,"2022-04-03 08:06:25"
"Home","Bedding","Duvet Covers & Shams","Home/Home/Bedding/Duvet Covers & Shams","/browse/home/bedding/duvet-covers",419,1,"2022-04-03 08:06:25"
"Home","Bedding","Sheets & Bed Skirts","Home/Home/Bedding/Sheets & Bed Skirts","/browse/home/bedding/sheets",267,1,"2022-04-03 08:06:25"
"Home","Electronics & Music","Headphones","Home/Home/Electronics & Music/Headphones","/browse/home/electronics/headphones",23,1,"2022-04-03 08:06:25"
"Home","Electronics & Music","Home Appliances","Home/Home/Electronics & Music/Home Appliances","/browse/home/electronics/home-appliances",8,1,"2022-04-03 08:06:25"
"Home","Electronics & Music","Home Devices","Home/Home/Electronics & Music/Home Devices","/browse/home/electronics/smart-devices",73,1,"2022-04-03 08:06:25"
"Home","Electronics & Music","Speakers & Home Audio","Home/Home/Electronics & Music/Speakers & Home Audio","/browse/home/electronics/speakers-audio",37,1,"2022-04-03 08:06:25"
"Home","Home Decor","Accent Furniture","Home/Home/Home Decor/Accent Furniture","/browse/home/decor/furniture",62,1,"2022-04-03 08:06:25"
"Home","Home Decor","Art, Wall Decor & Mirrors","Home/Home/Home Decor/Art, Wall Decor & Mirrors","/browse/home/decor/wall",586,1,"2022-04-03 08:06:25"
"Home","Home Decor","Books, Games & Puzzles","Home/Home/Home Decor/Books, Games & Puzzles","/browse/home/decor/books-games-puzzles",125,1,"2022-04-03 08:06:25"
"Home","Home Decor","Candles & Diffusers","Home/Home/Home Decor/Candles & Diffusers","/browse/home/decor/candles-diffusers",888,1,"2022-04-03 08:06:25"
"Home","Home Decor","Decorative Accents","Home/Home/Home Decor/Decorative Accents","/browse/home/decor/accents",337,1,"2022-04-03 08:06:25"
"Home","Home Decor","Decorative Pillows","Home/Home/Home Decor/Decorative Pillows","/browse/home/decor/decorative-pillows",217,1,"2022-04-03 08:06:25"
"Home","Home Decor","Desk Accessories & Stationery","Home/Home/Home Decor/Desk Accessories & Stationery","/browse/home/decor/desk-accessories",90,1,"2022-04-03 08:06:25"
"Home","Home Decor","Jewelry Boxes & Holders","Home/Home/Home Decor/Jewelry Boxes & Holders","/browse/home/decor/jewelry-boxes-holders",146,1,"2022-04-03 08:06:25"
"Home","Home Decor","Lighting & Lamps","Home/Home/Home Decor/Lighting & Lamps","/browse/home/decor/lighting",169,1,"2022-04-03 08:06:25"
"Home","Home Decor","Picture Frames","Home/Home/Home Decor/Picture Frames","/browse/home/decor/picture-frames",88,1,"2022-04-03 08:06:25"
"Home","Home Decor","Rugs","Home/Home/Home Decor/Rugs","/browse/home/decor/rugs",160,1,"2022-04-03 08:06:25"
"Home","Home Decor","Storage & Organization","Home/Home/Home Decor/Storage & Organization","/browse/home/decor/storage-organization",175,1,"2022-04-03 08:06:25"
"Home","Home Decor","Throw Blankets","Home/Home/Home Decor/Throw Blankets","/browse/home/bedding/blankets-throws",301,1,"2022-04-03 08:06:25"
"Home","Kitchen","Bar Accessories","Home/Home/Kitchen/Bar Accessories","/browse/home/kitchenware/bar-tools",153,1,"2022-04-03 08:06:25"
"Home","Kitchen","Coffee & Tea Accessories","Home/Home/Kitchen/Coffee & Tea Accessories","/browse/home/kitchenware/coffee-tea-accessories",54,1,"2022-04-03 08:06:25"
"Home","Kitchen","Cookware & Bakeware","Home/Home/Kitchen/Cookware & Bakeware","/browse/home/kitchenware/cookware-bakeware",313,1,"2022-04-03 08:06:25"
"Home","Kitchen","Cutlery","Home/Home/Kitchen/Cutlery","/browse/home/kitchenware/kitchen-knives",15,1,"2022-04-03 08:06:25"
"Home","Kitchen","Kitchen Linens","Home/Home/Kitchen/Kitchen Linens","/browse/home/kitchenware/kitchen-linens",47,1,"2022-04-03 08:06:25"
"Home","Kitchen","Small Appliances","Home/Home/Kitchen/Small Appliances","/browse/home/kitchenware/appliances",66,1,"2022-04-03 08:06:25"
"Home","Kitchen","Storage & Gadgets","Home/Home/Kitchen/Storage & Gadgets","/browse/home/kitchenware/storage-gadgets",316,1,"2022-04-03 08:06:25"
"Home","Luggage & Travel","Luggage & Travel","Home/Home/Luggage & Travel","/browse/home/luggage-travel",432,1,"2022-04-03 08:06:25"
"Home","Outdoor Living","Beach Towels & Blankets","Home/Home/Outdoor Living/Beach Towels & Blankets","/browse/home/outdoor/bedding-bath",29,1,"2022-04-03 08:06:25"
"Home","Outdoor Living","Decor","Home/Home/Outdoor Living/Decor","/browse/home/outdoor/decor",145,1,"2022-04-03 08:06:25"
"Home","Outdoor Living","Dining & Entertaining","Home/Home/Outdoor Living/Dining & Entertaining","/browse/home/outdoor/entertaining",81,1,"2022-04-03 08:06:25"
"Home","Pantry","Candy","Home/Home/Pantry/Candy","/browse/home/pantry/candy",98,1,"2022-04-03 08:06:25"
"Home","Pantry","Coffee & Tea","Home/Home/Pantry/Coffee & Tea","/browse/home/pantry/coffee-tea",60,1,"2022-04-03 08:06:25"
"Home","Pantry","Gift Sets","Home/Home/Pantry/Gift Sets","/browse/home/pantry/gift-sets",101,1,"2022-04-03 08:06:25"
"Home","Pet Accessories","Pet Accessories","Home/Home/Pet Accessories","/browse/home/pet-accessories",279,1,"2022-04-03 08:06:25"
"Home","Sanitizers & Personal Care","Sanitizers & Personal Care","Home/Home/Sanitizers & Personal Care","/browse/sanitizers-personal-care",128,1,"2022-04-03 08:06:25"
"Home","Tabletop","Dinnerware","Home/Home/Tabletop/Dinnerware","/browse/home/dining-entertainment/dinnerware",290,1,"2022-04-03 08:06:25"
"Home","Tabletop","Drinkware & Glassware","Home/Home/Tabletop/Drinkware & Glassware","/browse/home/dining-entertainment/drinkware-barware",748,1,"2022-04-03 08:06:25"
"Home","Tabletop","Flatware","Home/Home/Tabletop/Flatware","/browse/home/dining-entertainment/flatware-silverware",111,1,"2022-04-03 08:06:25"
"Home","Tabletop","Serveware","Home/Home/Tabletop/Serveware","/browse/home/dining-entertainment/serveware",191,1,"2022-04-03 08:06:25"
"Home","Tabletop","Table Linens","Home/Home/Tabletop/Table Linens","/browse/home/dining-entertainment/table-linens",73,1,"2022-04-03 08:06:25"
"Home","Water Bottles & Tumblers","Water Bottles & Tumblers","Home/Home/Water Bottles & Tumblers","/browse/home/water-bottles-tumblers",57,1,"2022-04-03 08:06:25"
"Home","New Arrivals","New Arrivals","Home/Home/New Arrivals","/browse/home/new",214,1,"2022-04-03 08:06:25"
"Beauty","Makeup","BB & CC Creams","Home/Beauty/Makeup/BB & CC Creams","/browse/beauty/makeup/bb-cream-cc-cream",14,1,"2022-04-03 08:06:25"
"Beauty","Makeup","Blush","Home/Beauty/Makeup/Blush","/browse/beauty/makeup/blush",104,1,"2022-04-03 08:06:25"
"Beauty","Makeup","Bronzer","Home/Beauty/Makeup/Bronzer","/browse/beauty/makeup/bronzer",64,1,"2022-04-03 08:06:25"
"Beauty","Makeup","Brushes & Tools","Home/Beauty/Makeup/Brushes & Tools","/browse/beauty/makeup/brushes",465,1,"2022-04-03 08:06:25"
"Beauty","Makeup","Concealer","Home/Beauty/Makeup/Concealer","/browse/beauty/makeup/concealer",100,1,"2022-04-03 08:06:25"
"Beauty","Makeup","Contouring","Home/Beauty/Makeup/Contouring","/browse/beauty/makeup/contour",40,1,"2022-04-03 08:06:25"
"Beauty","Makeup","Eyebrows","Home/Beauty/Makeup/Eyebrows","/browse/beauty/makeup/eyebrow",154,1,"2022-04-03 08:06:25"
"Beauty","Makeup","Eyelashes","Home/Beauty/Makeup/Eyelashes","/browse/beauty/makeup/fake-eyelashes",115,1,"2022-04-03 08:06:25"
"Beauty","Makeup","Eyeliner","Home/Beauty/Makeup/Eyeliner","/browse/beauty/makeup/eyeliner",125,1,"2022-04-03 08:06:25"
"Beauty","Makeup","Eyeshadow","Home/Beauty/Makeup/Eyeshadow","/browse/beauty/makeup/eyeshadow",246,1,"2022-04-03 08:06:25"
"Beauty","Makeup","Foundation","Home/Beauty/Makeup/Foundation","/browse/beauty/makeup/foundation",250,1,"2022-04-03 08:06:25"
"Beauty","Makeup","Gifts & Sets","Home/Beauty/Makeup/Gifts & Sets","/browse/beauty/gift-sets/makeup",490,1,"2022-04-03 08:06:25"
"Beauty","Makeup","Highlighter","Home/Beauty/Makeup/Highlighter","/browse/beauty/makeup/highlighter",122,1,"2022-04-03 08:06:25"
"Beauty","Makeup","Lipstick, Lip Gloss & Liner","Home/Beauty/Makeup/Lipstick, Lip Gloss & Liner","/browse/beauty/makeup/lips",504,1,"2022-04-03 08:06:25"
"Beauty","Makeup","Mascara","Home/Beauty/Makeup/Mascara","/browse/beauty/makeup/mascara",145,1,"2022-04-03 08:06:25"
"Beauty","Makeup","Nail Polish & Care","Home/Beauty/Makeup/Nail Polish & Care","/browse/beauty/makeup/nails",71,1,"2022-04-03 08:06:25"
"Beauty","Makeup","Palettes","Home/Beauty/Makeup/Palettes","/browse/beauty/makeup/palettes",185,1,"2022-04-03 08:06:25"
"Beauty","Makeup","Powder & Setting Spray","Home/Beauty/Makeup/Powder & Setting Spray","/browse/beauty/makeup/powder",92,1,"2022-04-03 08:06:25"
"Beauty","Makeup","Primer","Home/Beauty/Makeup/Primer","/browse/beauty/makeup/primer",103,1,"2022-04-03 08:06:25"
"Beauty","Makeup","Tinted Moisturizer","Home/Beauty/Makeup/Tinted Moisturizer","/browse/beauty/makeup/tinted-moisturizer",31,1,"2022-04-03 08:06:25"
"Beauty","Skin Care","BB & CC Creams","Home/Beauty/Skin Care/BB & CC Creams","/browse/beauty/makeup/bb-cream-cc-cream",14,1,"2022-04-03 08:06:25"
"Beauty","Skin Care","Cleansers","Home/Beauty/Skin Care/Cleansers","/browse/beauty/skincare/cleansers",886,1,"2022-04-03 08:06:25"
"Beauty","Skin Care","Exfoliators & Peels","Home/Beauty/Skin Care/Exfoliators & Peels","/browse/beauty/skincare/exfoliators",183,1,"2022-04-03 08:06:25"
"Beauty","Skin Care","Eye Creams & Treatments","Home/Beauty/Skin Care/Eye Creams & Treatments","/browse/beauty/skincare/eyes",350,1,"2022-04-03 08:06:25"
"Beauty","Skin Care","Facial Masks","Home/Beauty/Skin Care/Facial Masks","/browse/beauty/skincare/masks",308,1,"2022-04-03 08:06:25"
"Beauty","Skin Care","Face Mists & Essences","Home/Beauty/Skin Care/Face Mists & Essences","/browse/beauty/skincare/face-mist-essence",111,1,"2022-04-03 08:06:25"
"Beauty","Skin Care","Face Moisturizers","Home/Beauty/Skin Care/Face Moisturizers","/browse/beauty/skincare/face-moisturizers",985,1,"2022-04-03 08:06:25"
"Beauty","Skin Care","Gifts & Sets","Home/Beauty/Skin Care/Gifts & Sets","/browse/beauty/gift-sets/skincare",513,1,"2022-04-03 08:06:25"
"Beauty","Skin Care","Lip Balms & Treatments","Home/Beauty/Skin Care/Lip Balms & Treatments","/browse/beauty/skincare/lip-balms-treatments",115,1,"2022-04-03 08:06:25"
"Beauty","Skin Care","Makeup Remover","Home/Beauty/Skin Care/Makeup Remover","/browse/beauty/skincare/makeup-remover",66,1,"2022-04-03 08:06:25"
"Beauty","Skin Care","Serums & Treatments","Home/Beauty/Skin Care/Serums & Treatments","/browse/beauty/skincare/serums-treatments",499,1,"2022-04-03 08:06:25"
"Beauty","Skin Care","Sunscreen & Self-Tanners","Home/Beauty/Skin Care/Sunscreen & Self-Tanners","/browse/beauty/skincare/sunscreen-self-tanner",240,1,"2022-04-03 08:06:25"
"Beauty","Skin Care","Tinted Moisturizer","Home/Beauty/Skin Care/Tinted Moisturizer","/browse/beauty/makeup/tinted-moisturizer",31,1,"2022-04-03 08:06:25"
"Beauty","Skin Care","Toners","Home/Beauty/Skin Care/Toners","/browse/beauty/skincare/toners",147,1,"2022-04-03 08:06:25"
"Beauty","Skin Care","Tools & Devices","Home/Beauty/Skin Care/Tools & Devices","/browse/beauty/skincare/tools",213,1,"2022-04-03 08:06:25"
"Beauty","Fragrance","Bath & Body","Home/Beauty/Fragrance/Bath & Body","/browse/beauty/fragrance/bath-body",349,1,"2022-04-03 08:06:25"
"Beauty","Fragrance","Candles & Diffusers","Home/Beauty/Fragrance/Candles & Diffusers","/browse/home/decor/candles-diffusers",889,1,"2022-04-03 08:06:25"
"Beauty","Fragrance","Cologne","Home/Beauty/Fragrance/Cologne","/browse/men/grooming/cologne",515,1,"2022-04-03 08:06:25"
"Beauty","Fragrance","Gifts & Sets","Home/Beauty/Fragrance/Gifts & Sets","/browse/beauty/fragrance/gift-sets",484,1,"2022-04-03 08:06:25"
"Beauty","Fragrance","Perfume","Home/Beauty/Fragrance/Perfume","/browse/beauty/fragrance/perfume",1210,1,"2022-04-03 08:06:25"
"Beauty","Fragrance","Rollerball & Travel Size","Home/Beauty/Fragrance/Rollerball & Travel Size","/browse/beauty/fragrance/rollerball",258,1,"2022-04-03 08:06:25"
"Beauty","Hair Care","Hair & Scalp Treatments","Home/Beauty/Hair Care/Hair & Scalp Treatments","/browse/beauty/hair/treatments",172,1,"2022-04-03 08:06:25"
"Beauty","Hair Care","Gifts & Sets","Home/Beauty/Hair Care/Gifts & Sets","/browse/beauty/gift-sets/hair",60,1,"2022-04-03 08:06:25"
"Beauty","Hair Care","Hair Dryers & Styling Tools","Home/Beauty/Hair Care/Hair Dryers & Styling Tools","/browse/beauty/hair/styling-tools",183,1,"2022-04-03 08:06:25"
"Beauty","Hair Care","Hair Styling Products","Home/Beauty/Hair Care/Hair Styling Products","/browse/beauty/hair/styling-products",357,1,"2022-04-03 08:06:25"
"Beauty","Hair Care","Shampoo & Conditioner","Home/Beauty/Hair Care/Shampoo & Conditioner","/browse/beauty/hair/shampoo",417,1,"2022-04-03 08:06:25"
"Beauty","Tools, Brushes & Makeup Bags","Makeup Bags & Organizers","Home/Beauty/Tools, Brushes & Makeup Bags/Makeup Bags & Organizers","/browse/beauty/tools-brushes/cosmetic-bags",68,1,"2022-04-03 08:06:25"
"Beauty","Tools, Brushes & Makeup Bags","Makeup Brushes & Tools","Home/Beauty/Tools, Brushes & Makeup Bags/Makeup Brushes & Tools","/browse/beauty/makeup/brushes",473,1,"2022-04-03 08:06:25"
"Beauty","Tools, Brushes & Makeup Bags","Skin Care Tools & Devices","Home/Beauty/Tools, Brushes & Makeup Bags/Skin Care Tools & Devices","/browse/beauty/skincare/tools",209,1,"2022-04-03 08:06:25"
"Beauty","Tools, Brushes & Makeup Bags","Hair Dryers & Styling Tools","Home/Beauty/Tools, Brushes & Makeup Bags/Hair Dryers & Styling Tools","/browse/beauty/hair/styling-tools",183,1,"2022-04-03 08:06:25"
"Beauty","Bath & Body","Body Moisturizers","Home/Beauty/Bath & Body/Body Moisturizers","/browse/beauty/bath-body/body-moisturizers",457,1,"2022-04-03 08:06:25"
"Beauty","Bath & Body","Body Scrubs & Exfoliants","Home/Beauty/Bath & Body/Body Scrubs & Exfoliants","/browse/beauty/bath-body/body-scrubs",64,1,"2022-04-03 08:06:25"
"Beauty","Bath & Body","Body Wash & Shower Gel","Home/Beauty/Bath & Body/Body Wash & Shower Gel","/browse/beauty/bath-body/body-wash-shower-gel",313,1,"2022-04-03 08:06:25"
"Beauty","Bath & Body","Bubble Bath, Bath Soaks & Salts","Home/Beauty/Bath & Body/Bubble Bath, Bath Soaks & Salts","/browse/beauty/bath-body/bubble-bath-oil",59,1,"2022-04-03 08:06:25"
"Beauty","Bath & Body","Deodorant & Anti-Perspirant","Home/Beauty/Bath & Body/Deodorant & Anti-Perspirant","/browse/beauty/bath-body/deodorant",70,1,"2022-04-03 08:06:25"
"Beauty","Bath & Body","Gifts & Sets","Home/Beauty/Bath & Body/Gifts & Sets","/browse/beauty/gift-sets/bath-body",149,1,"2022-04-03 08:06:25"
"Beauty","Bath & Body","Hand Sanitizer & Hand Soap","Home/Beauty/Bath & Body/Hand Sanitizer & Hand Soap","/browse/beauty/bath-body/hand-sanitizer-soap",156,1,"2022-04-03 08:06:25"
"Beauty","Bath & Body","Hand & Foot Care","Home/Beauty/Bath & Body/Hand & Foot Care","/browse/beauty/bath-body/hand-foot-care",183,1,"2022-04-03 08:06:25"
"Beauty","Bath & Body","Oral Care","Home/Beauty/Bath & Body/Oral Care","/browse/beauty/bath-body/oral-care",23,1,"2022-04-03 08:06:25"
"Beauty","Bath & Body","Sunscreen & Self-Tanners","Home/Beauty/Bath & Body/Sunscreen & Self-Tanners","/browse/beauty/skincare/sunscreen-self-tanner",239,1,"2022-04-03 08:06:25"
"Beauty","Bath & Body","Supplements","Home/Beauty/Bath & Body/Supplements","/browse/beauty/wellness/supplements-vitamins",86,1,"2022-04-03 08:06:25"
"Beauty","Gifts & Sets","Bath & Body","Home/Beauty/Gifts & Sets/Bath & Body","/browse/beauty/gift-sets/bath-body",151,1,"2022-04-03 08:06:25"
"Beauty","Gifts & Sets","Fragrance","Home/Beauty/Gifts & Sets/Fragrance","/browse/beauty/fragrance/gift-sets",484,1,"2022-04-03 08:06:25"
"Beauty","Gifts & Sets","Hair Care","Home/Beauty/Gifts & Sets/Hair Care","/browse/beauty/gift-sets/hair",60,1,"2022-04-03 08:06:25"
"Beauty","Gifts & Sets","Makeup","Home/Beauty/Gifts & Sets/Makeup","/browse/beauty/gift-sets/makeup",484,1,"2022-04-03 08:06:25"
"Beauty","Gifts & Sets","Skin Care","Home/Beauty/Gifts & Sets/Skin Care","/browse/beauty/gift-sets/skincare",514,1,"2022-04-03 08:06:25"
"Beauty","Gifts & Sets","Tools & Brushes","Home/Beauty/Gifts & Sets/Tools & Brushes","/browse/beauty/gift-sets/tools-brushes",129,1,"2022-04-03 08:06:25"
"Beauty","Gifts & Sets","Value Sets & Sizes","Home/Beauty/Gifts & Sets/Value Sets & Sizes","/browse/beauty/gift-sets/value",547,1,"2022-04-03 08:06:25"
"Beauty","New Arrivals","New Arrivals","Home/Beauty/New Arrivals","/browse/beauty/new",60,1,"2022-04-03 08:06:25"
"Beauty","Nordstrom Exclusives","Nordstrom Exclusives","Home/Beauty/Nordstrom Exclusives","/browse/beauty/nordstrom-exclusive",279,1,"2022-04-03 08:06:25"
"Beauty","Sale","Sale","Home/Beauty/Sale","/browse/sale/beauty",87,1,"2022-04-03 08:06:25"
"Designer","Women","Designer Clothing","Home/Designer/Women/Designer Clothing","/browse/designer/women/clothing",7798,1,"2022-04-03 08:06:25"
"Designer","Women","Designer Shoes","Home/Designer/Women/Designer Shoes","/browse/designer/women/shoes",2586,1,"2022-04-03 08:06:25"
"Designer","Women","Designer Handbags","Home/Designer/Women/Designer Handbags","/browse/designer/women/handbags",2674,1,"2022-04-03 08:06:25"
"Designer","Women","Designer Jewelry","Home/Designer/Women/Designer Jewelry","/browse/designer/women/jewelry",680,1,"2022-04-03 08:06:25"
"Designer","Women","Designer Accessories","Home/Designer/Women/Designer Accessories","/browse/designer/women/accessories",4357,1,"2022-04-03 08:06:25"
"Designer","Women","Designer New Arrivals","Home/Designer/Women/Designer New Arrivals","/browse/designer/women/new",922,1,"2022-04-03 08:06:25"
"Designer","Men","Designer Clothing","Home/Designer/Men/Designer Clothing","/browse/designer/men/clothing",3061,1,"2022-04-03 08:06:25"
"Designer","Men","Designer Shoes","Home/Designer/Men/Designer Shoes","/browse/designer/men/shoes",946,1,"2022-04-03 08:06:25"
"Designer","Men","Designer Accessories","Home/Designer/Men/Designer Accessories","/browse/designer/men/accessories",966,1,"2022-04-03 08:06:25"
"Designer","Men","Designer New Arrivals","Home/Designer/Men/Designer New Arrivals","/browse/designer/men/new",372,1,"2022-04-03 08:06:25"
"Designer","Kids","Designer Girls","Home/Designer/Kids/Designer Girls","/browse/designer/kids/girls",950,1,"2022-04-03 08:06:25"
"Designer","Kids","Designer Boys","Home/Designer/Kids/Designer Boys","/browse/designer/kids/boys",781,1,"2022-04-03 08:06:25"
"Designer","Kids","Designer Baby","Home/Designer/Kids/Designer Baby","/browse/designer/kids/baby",24,1,"2022-04-03 08:06:25"
"Designer","Kids","Designer Shoes","Home/Designer/Kids/Designer Shoes","/browse/designer/kids/shoes",176,1,"2022-04-03 08:06:25"
"Designer","Kids","Designer Accessories","Home/Designer/Kids/Designer Accessories","/browse/designer/kids/accessories",53,1,"2022-04-03 08:06:25"
"Designer","SPACE: Emerging & Advanced Designer","Shop All","Home/Designer/SPACE: Emerging & Advanced Designer/Shop All","/browse/designer/space/all",2089,1,"2022-04-03 08:06:25"
"Designer","SPACE: Emerging & Advanced Designer","Ready-to-Wear","Home/Designer/SPACE: Emerging & Advanced Designer/Ready-to-Wear","/browse/designer/space/ready-to-wear",1354,1,"2022-04-03 08:06:25"
"Designer","SPACE: Emerging & Advanced Designer","Shoes","Home/Designer/SPACE: Emerging & Advanced Designer/Shoes","/browse/designer/space/shoes",146,1,"2022-04-03 08:06:25"
"Designer","SPACE: Emerging & Advanced Designer","Handbags","Home/Designer/SPACE: Emerging & Advanced Designer/Handbags","/browse/designer/space/handbags",153,1,"2022-04-03 08:06:25"
"Designer","SPACE: Emerging & Advanced Designer","Jewelry","Home/Designer/SPACE: Emerging & Advanced Designer/Jewelry","/browse/designer/space/jewelry",306,1,"2022-04-03 08:06:25"
"Designer","SPACE: Emerging & Advanced Designer","The Extras","Home/Designer/SPACE: Emerging & Advanced Designer/The Extras","/browse/designer/space/accessories",549,1,"2022-04-03 08:06:25"
"Designer","SPACE: Emerging & Advanced Designer","Home","Home/Designer/SPACE: Emerging & Advanced Designer/Home","/browse/designer/space/home",22,1,"2022-04-03 08:06:25"
"Designer","SPACE: Emerging & Advanced Designer","SPACE Sale","Home/Designer/SPACE: Emerging & Advanced Designer/SPACE Sale","/browse/designer/space/sale",115,1,"2022-04-03 08:06:25"
"Designer","Men's Emerging & Advanced Designer","Ready-to-Wear","Home/Designer/Men's Emerging & Advanced Designer/Ready-to-Wear","/browse/designer/mens-emerging/clothing",980,1,"2022-04-03 08:06:25"
"Designer","Men's Emerging & Advanced Designer","Accessories","Home/Designer/Men's Emerging & Advanced Designer/Accessories","/browse/designer/mens-emerging/accessories",93,1,"2022-04-03 08:06:25"
"Designer","Men's Emerging & Advanced Designer","Shoes","Home/Designer/Men's Emerging & Advanced Designer/Shoes","/browse/designer/mens-emerging/shoes",71,1,"2022-04-03 08:06:25"
"Designer","Designer New Arrivals","Designer New Arrivals","Home/Designer/Designer New Arrivals","/browse/designer/new",1410,1,"2022-04-03 08:06:25"
"Gifts","Gifts by Recipient","For Her","Home/Gifts/Gifts by Recipient/For Her","/browse/gifts/for-her",12737,1,"2022-04-03 08:06:25"
"Gifts","Gifts by Recipient","For Him","Home/Gifts/Gifts by Recipient/For Him","/browse/gifts/for-him",7305,1,"2022-04-03 08:06:25"
"Gifts","Gifts by Recipient","For Kids","Home/Gifts/Gifts by Recipient/For Kids","/browse/gifts/for-kids",542,1,"2022-04-03 08:06:25"
"Gifts","Gifts by Recipient","For Baby","Home/Gifts/Gifts by Recipient/For Baby","/browse/gifts/for-baby",295,1,"2022-04-03 08:06:25"
"Gifts","Gifts by Recipient","For Anyone","Home/Gifts/Gifts by Recipient/For Anyone","/browse/gifts/gender-neutral-unisex",5613,1,"2022-04-03 08:06:25"
"Gifts","Gifts by Recipient","For Pets","Home/Gifts/Gifts by Recipient/For Pets","/browse/home/pet-accessories",282,1,"2022-04-03 08:06:25"
"Gifts","For Her","Gifts Under $50","Home/Gifts/For Her/Gifts Under $50","/browse/gifts/for-her/under-50",3327,1,"2022-04-03 08:06:25"
"Gifts","For Her","Gifts Under $100","Home/Gifts/For Her/Gifts Under $100","/browse/gifts/for-her/under-100",5827,1,"2022-04-03 08:06:25"
"Gifts","For Her","Luxe Gifts for Her","Home/Gifts/For Her/Luxe Gifts for Her","/browse/gifts/for-her/luxe-gifts",934,2,"2022-04-03 08:06:25"
"Gifts","For Her","Outdoor Gifts for Her","Home/Gifts/For Her/Outdoor Gifts for Her","/browse/gifts/for-her/outdoor",206,1,"2022-04-03 08:06:25"
"Gifts","For Him","Gifts Under $50","Home/Gifts/For Him/Gifts Under $50","/browse/gifts/for-him/under-50",2049,1,"2022-04-03 08:06:25"
"Gifts","For Him","Gifts Under $100","Home/Gifts/For Him/Gifts Under $100","/browse/gifts/for-him/under-100","",0,"2022-04-03 08:06:25"
"Gifts","For Him","Luxe Gifts for Him","Home/Gifts/For Him/Luxe Gifts for Him","/browse/gifts/for-him/luxe-gifts",276,1,"2022-04-03 08:06:25"
"Gifts","For Kids","For Kids","Home/Gifts/For Kids","/browse/gifts/for-kids",540,1,"2022-04-03 08:06:25"
"Gifts","For Anyone","For Anyone","Home/Gifts/For Anyone","/browse/gifts/gender-neutral-unisex","",0,"2022-04-03 08:06:25"
"Gifts","Gifts by Occasion","Gifts by Occasion","Home/Gifts/Gifts by Occasion","/browse/gifts/by-occasion",15825,1,"2022-04-03 08:06:25"
"Gifts","Baby Shower","Baby Shower","Home/Gifts/Baby Shower","/browse/kids/baby/shower-gifts",331,1,"2022-04-03 08:06:25"
"Gifts","Graduation","Graduation","Home/Gifts/Graduation","/browse/gifts/graduation","",0,"2022-04-03 08:06:25"
"Pop-In@Nordstrom","All Pop-In@Nordstrom","Clothing, Shoes & Accessories","Home/Pop-In@Nordstrom/All Pop-In@Nordstrom/Clothing, Shoes & Accessories","/browse/pop-in-olivia-kim/all/clothing-shoes-accessories",81,1,"2022-04-03 08:06:25"
"Pop-In@Nordstrom","All Pop-In@Nordstrom","Home","Home/Pop-In@Nordstrom/All Pop-In@Nordstrom/Home","/browse/pop-in-olivia-kim/all/home",35,1,"2022-04-03 08:06:25"
